"Hora del RTC DS3231	 Temperatura	 Índice UV	 Rango"
"Hora: 9:40:20	 - Temperatura: 32	 - Índice UV 1	 - Rango: 133"
"Hora: 9:40:21	 - Temperatura: 32	 - Índice UV 1	 - Rango: 119"
"Hora: 9:40:22	 - Temperatura: 32	 - Índice UV 1	 - Rango: 158"
"Hora: 9:40:23	 - Temperatura: 32	 - Índice UV 1	 - Rango: 151"
"Hora: 9:40:24	 - Temperatura: 32	 - Índice UV 1	 - Rango: 153"
"Hora: 9:40:25	 - Temperatura: 32	 - Índice UV 1	 - Rango: 125"
"Hora: 9:40:26	 - Temperatura: 32	 - Índice UV 1	 - Rango: 193"
"Hora: 9:40:27	 - Temperatura: 32	 - Índice UV 1	 - Rango: 187"
"Hora: 9:40:28	 - Temperatura: 32	 - Índice UV 2	 - Rango: 227"
"Hora: 9:40:29	 - Temperatura: 32	 - Índice UV 2	 - Rango: 206"
"Hora: 9:40:30	 - Temperatura: 31	 - Índice UV 1	 - Rango: 202"
"Hora: 9:40:31	 - Temperatura: 32	 - Índice UV 1	 - Rango: 195"
"Hora: 9:40:32	 - Temperatura: 32	 - Índice UV 0	 - Rango: 93"
"Hora: 9:40:33	 - Temperatura: 32	 - Índice UV 0	 - Rango: 80"
"Hora: 9:40:34	 - Temperatura: 32	 - Índice UV 0	 - Rango: 66"
"Hora: 9:40:35	 - Temperatura: 32	 - Índice UV 1	 - Rango: 130"
"Hora: 9:40:36	 - Temperatura: 32	 - Índice UV 1	 - Rango: 173"
"Hora: 9:40:37	 - Temperatura: 32	 - Índice UV 1	 - Rango: 177"
"Hora: 9:40:38	 - Temperatura: 32	 - Índice UV 1	 - Rango: 175"
"Hora: 9:40:39	 - Temperatura: 32	 - Índice UV 1	 - Rango: 175"
"Hora: 9:40:40	 - Temperatura: 32	 - Índice UV 1	 - Rango: 151"
"Hora: 9:40:41	 - Temperatura: 32	 - Índice UV 1	 - Rango: 176"
"Hora: 9:40:42	 - Temperatura: 32	 - Índice UV 1	 - Rango: 176"
"Hora: 9:40:43	 - Temperatura: 32	 - Índice UV 1	 - Rango: 176"
"Hora: 9:40:44	 - Temperatura: 32	 - Índice UV 1	 - Rango: 176"
"Hora: 9:40:45	 - Temperatura: 32	 - Índice UV 1	 - Rango: 124"
"Hora: 9:40:46	 - Temperatura: 31	 - Índice UV 1	 - Rango: 172"
"Hora: 9:40:47	 - Temperatura: 31	 - Índice UV 1	 - Rango: 175"
"Hora: 9:40:48	 - Temperatura: 31	 - Índice UV 1	 - Rango: 176"
"Hora: 9:40:49	 - Temperatura: 31	 - Índice UV 1	 - Rango: 176"
"Hora: 9:40:50	 - Temperatura: 31	 - Índice UV 1	 - Rango: 175"
"Hora: 9:40:51	 - Temperatura: 32	 - Índice UV 1	 - Rango: 175"
"Hora: 9:40:52	 - Temperatura: 32	 - Índice UV 1	 - Rango: 174"
"Hora: 9:40:53	 - Temperatura: 32	 - Índice UV 1	 - Rango: 125"
"Hora: 9:40:54	 - Temperatura: 32	 - Índice UV 0	 - Rango: 77"
"Hora: 9:40:55	 - Temperatura: 32	 - Índice UV 1	 - Rango: 163"
"Hora: 9:40:56	 - Temperatura: 32	 - Índice UV 1	 - Rango: 155"
"Hora: 9:40:57	 - Temperatura: 32	 - Índice UV 0	 - Rango: 23"
"Hora: 9:40:58	 - Temperatura: 32	 - Índice UV 0	 - Rango: 80"
"Hora: 9:40:59	 - Temperatura: 32	 - Índice UV 1	 - Rango: 159"
"Hora: 9:41:0	 - Temperatura: 32	 - Índice UV 2	 - Rango: 235"
"Hora: 9:41:1	 - Temperatura: 32	 - Índice UV 0	 - Rango: 59"
"Hora: 9:41:2	 - Temperatura: 32	 - Índice UV 0	 - Rango: 54"
"Hora: 9:41:3	 - Temperatura: 32	 - Índice UV 0	 - Rango: 52"
"Hora: 9:41:4	 - Temperatura: 32	 - Índice UV 0	 - Rango: 62"
"Hora: 9:41:5	 - Temperatura: 32	 - Índice UV 1	 - Rango: 154"
"Hora: 9:41:6	 - Temperatura: 32	 - Índice UV 1	 - Rango: 173"
"Hora: 9:41:7	 - Temperatura: 32	 - Índice UV 1	 - Rango: 169"
"Hora: 9:41:8	 - Temperatura: 32	 - Índice UV 0	 - Rango: 13"
"Hora: 9:41:9	 - Temperatura: 32	 - Índice UV 0	 - Rango: 70"
"Hora: 9:41:10	 - Temperatura: 32	 - Índice UV 0	 - Rango: 39"
"Hora: 9:41:11	 - Temperatura: 32	 - Índice UV 0	 - Rango: 0"
"Hora: 9:41:12	 - Temperatura: 32	 - Índice UV 0	 - Rango: 15"
"Hora: 9:41:13	 - Temperatura: 32	 - Índice UV 1	 - Rango: 202"
"Hora: 9:41:14	 - Temperatura: 32	 - Índice UV 1	 - Rango: 194"
"Hora: 9:41:15	 - Temperatura: 32	 - Índice UV 1	 - Rango: 201"
"Hora: 9:41:16	 - Temperatura: 32	 - Índice UV 1	 - Rango: 204"
"Hora: 9:41:17	 - Temperatura: 32	 - Índice UV 2	 - Rango: 217"
"Hora: 9:41:18	 - Temperatura: 32	 - Índice UV 2	 - Rango: 220"
"Hora: 9:41:19	 - Temperatura: 32	 - Índice UV 2	 - Rango: 207"
"Hora: 9:41:20	 - Temperatura: 32	 - Índice UV 1	 - Rango: 195"
"Hora: 9:41:21	 - Temperatura: 32	 - Índice UV 2	 - Rango: 221"
"Hora: 9:41:22	 - Temperatura: 32	 - Índice UV 2	 - Rango: 220"
"Hora: 9:41:23	 - Temperatura: 32	 - Índice UV 2	 - Rango: 212"
"Hora: 9:41:24	 - Temperatura: 32	 - Índice UV 2	 - Rango: 218"
"Hora: 9:41:25	 - Temperatura: 32	 - Índice UV 2	 - Rango: 221"
"Hora: 9:41:26	 - Temperatura: 32	 - Índice UV 2	 - Rango: 222"
"Hora: 9:41:27	 - Temperatura: 32	 - Índice UV 2	 - Rango: 223"
"Hora: 9:41:28	 - Temperatura: 32	 - Índice UV 2	 - Rango: 219"
"Hora: 9:41:29	 - Temperatura: 32	 - Índice UV 2	 - Rango: 220"
"Hora: 9:41:30	 - Temperatura: 32	 - Índice UV 2	 - Rango: 217"
"Hora: 9:41:32	 - Temperatura: 32	 - Índice UV 1	 - Rango: 199"
"Hora: 9:41:33	 - Temperatura: 32	 - Índice UV 2	 - Rango: 216"
"Hora: 9:41:34	 - Temperatura: 32	 - Índice UV 2	 - Rango: 217"
"Hora: 9:41:35	 - Temperatura: 32	 - Índice UV 2	 - Rango: 217"
"Hora: 9:41:36	 - Temperatura: 32	 - Índice UV 2	 - Rango: 217"
"Hora: 9:41:37	 - Temperatura: 32	 - Índice UV 2	 - Rango: 217"
"Hora: 9:41:38	 - Temperatura: 32	 - Índice UV 2	 - Rango: 217"
"Hora: 9:41:39	 - Temperatura: 32	 - Índice UV 2	 - Rango: 218"
"Hora: 9:41:40	 - Temperatura: 32	 - Índice UV 2	 - Rango: 218"
"Hora: 9:41:41	 - Temperatura: 32	 - Índice UV 2	 - Rango: 218"
"Hora: 9:41:42	 - Temperatura: 32	 - Índice UV 2	 - Rango: 220"
"Hora: 9:41:43	 - Temperatura: 32	 - Índice UV 1	 - Rango: 194"
"Hora: 9:41:44	 - Temperatura: 32	 - Índice UV 2	 - Rango: 218"
"Hora: 9:41:45	 - Temperatura: 32	 - Índice UV 2	 - Rango: 217"
"Hora: 9:41:46	 - Temperatura: 31	 - Índice UV 2	 - Rango: 216"
"Hora: 9:41:47	 - Temperatura: 31	 - Índice UV 2	 - Rango: 212"
"Hora: 9:41:48	 - Temperatura: 31	 - Índice UV 1	 - Rango: 193"
"Hora: 9:41:49	 - Temperatura: 31	 - Índice UV 1	 - Rango: 153"
"Hora: 9:41:50	 - Temperatura: 32	 - Índice UV 0	 - Rango: 44"
"Hora: 9:41:51	 - Temperatura: 32	 - Índice UV 0	 - Rango: 29"
"Hora: 9:41:52	 - Temperatura: 32	 - Índice UV 0	 - Rango: 36"
"Hora: 9:41:53	 - Temperatura: 32	 - Índice UV 0	 - Rango: 37"
"Hora: 9:41:54	 - Temperatura: 32	 - Índice UV 2	 - Rango: 237"
"Hora: 9:41:55	 - Temperatura: 32	 - Índice UV 1	 - Rango: 204"
"Hora: 9:41:56	 - Temperatura: 32	 - Índice UV 2	 - Rango: 235"
"Hora: 9:41:57	 - Temperatura: 32	 - Índice UV 2	 - Rango: 218"
"Hora: 9:41:58	 - Temperatura: 32	 - Índice UV 1	 - Rango: 154"
"Hora: 9:41:59	 - Temperatura: 31	 - Índice UV 0	 - Rango: 100"
"Hora: 9:42:0	 - Temperatura: 32	 - Índice UV 2	 - Rango: 234"
"Hora: 9:42:1	 - Temperatura: 32	 - Índice UV 0	 - Rango: 73"
"Hora: 9:42:2	 - Temperatura: 32	 - Índice UV 0	 - Rango: 39"
"Hora: 9:42:3	 - Temperatura: 32	 - Índice UV 0	 - Rango: 38"
"Hora: 9:42:4	 - Temperatura: 32	 - Índice UV 1	 - Rango: 117"
"Hora: 9:42:5	 - Temperatura: 32	 - Índice UV 0	 - Rango: 0"
"Hora: 9:42:6	 - Temperatura: 32	 - Índice UV 0	 - Rango: 13"
"Hora: 9:42:7	 - Temperatura: 32	 - Índice UV 0	 - Rango: 14"
"Hora: 9:42:8	 - Temperatura: 32	 - Índice UV 2	 - Rango: 227"
"Hora: 9:42:9	 - Temperatura: 31	 - Índice UV 1	 - Rango: 173"
"Hora: 9:42:10	 - Temperatura: 31	 - Índice UV 1	 - Rango: 156"
"Hora: 9:42:11	 - Temperatura: 31	 - Índice UV 0	 - Rango: 54"
"Hora: 9:42:12	 - Temperatura: 31	 - Índice UV 2	 - Rango: 237"
"Hora: 9:42:13	 - Temperatura: 32	 - Índice UV 2	 - Rango: 251"
"Hora: 9:42:14	 - Temperatura: 32	 - Índice UV 2	 - Rango: 237"
"Hora: 9:42:15	 - Temperatura: 32	 - Índice UV 2	 - Rango: 240"
"Hora: 9:42:16	 - Temperatura: 32	 - Índice UV 2	 - Rango: 241"
"Hora: 9:42:17	 - Temperatura: 32	 - Índice UV 2	 - Rango: 242"
"Hora: 9:42:18	 - Temperatura: 32	 - Índice UV 2	 - Rango: 245"
"Hora: 9:42:19	 - Temperatura: 32	 - Índice UV 2	 - Rango: 244"
"Hora: 9:42:20	 - Temperatura: 32	 - Índice UV 2	 - Rango: 218"
"Hora: 9:42:21	 - Temperatura: 32	 - Índice UV 2	 - Rango: 220"
"Hora: 9:42:22	 - Temperatura: 32	 - Índice UV 2	 - Rango: 234"
"Hora: 9:42:23	 - Temperatura: 32	 - Índice UV 2	 - Rango: 238"
"Hora: 9:42:24	 - Temperatura: 32	 - Índice UV 2	 - Rango: 241"
"Hora: 9:42:25	 - Temperatura: 32	 - Índice UV 2	 - Rango: 226"
"Hora: 9:42:26	 - Temperatura: 32	 - Índice UV 2	 - Rango: 224"
"Hora: 9:42:27	 - Temperatura: 32	 - Índice UV 2	 - Rango: 226"
"Hora: 9:42:28	 - Temperatura: 32	 - Índice UV 2	 - Rango: 227"
"Hora: 9:42:29	 - Temperatura: 32	 - Índice UV 2	 - Rango: 220"
"Hora: 9:42:30	 - Temperatura: 32	 - Índice UV 2	 - Rango: 220"
"Hora: 9:42:31	 - Temperatura: 32	 - Índice UV 1	 - Rango: 194"
"Hora: 9:42:32	 - Temperatura: 32	 - Índice UV 2	 - Rango: 219"
"Hora: 9:42:33	 - Temperatura: 32	 - Índice UV 0	 - Rango: 71"
"Hora: 9:42:34	 - Temperatura: 32	 - Índice UV 2	 - Rango: 241"
"Hora: 9:42:35	 - Temperatura: 32	 - Índice UV 2	 - Rango: 223"
"Hora: 9:42:36	 - Temperatura: 32	 - Índice UV 2	 - Rango: 228"
"Hora: 9:42:37	 - Temperatura: 32	 - Índice UV 2	 - Rango: 209"
"Hora: 9:42:38	 - Temperatura: 31	 - Índice UV 2	 - Rango: 209"
"Hora: 9:42:39	 - Temperatura: 31	 - Índice UV 2	 - Rango: 212"
"Hora: 9:42:40	 - Temperatura: 31	 - Índice UV 1	 - Rango: 199"
"Hora: 9:42:41	 - Temperatura: 31	 - Índice UV 1	 - Rango: 201"
"Hora: 9:42:42	 - Temperatura: 31	 - Índice UV 1	 - Rango: 142"
"Hora: 9:42:43	 - Temperatura: 31	 - Índice UV 1	 - Rango: 165"
"Hora: 9:42:44	 - Temperatura: 31	 - Índice UV 2	 - Rango: 218"
"Hora: 9:42:45	 - Temperatura: 31	 - Índice UV 2	 - Rango: 216"
"Hora: 9:42:46	 - Temperatura: 32	 - Índice UV 0	 - Rango: 56"
"Hora: 9:42:47	 - Temperatura: 32	 - Índice UV 0	 - Rango: 34"
"Hora: 9:42:48	 - Temperatura: 32	 - Índice UV 0	 - Rango: 14"
"Hora: 9:42:49	 - Temperatura: 32	 - Índice UV 1	 - Rango: 189"
"Hora: 9:42:50	 - Temperatura: 31	 - Índice UV 0	 - Rango: 70"
"Hora: 9:42:51	 - Temperatura: 32	 - Índice UV 1	 - Rango: 117"
"Hora: 9:42:52	 - Temperatura: 32	 - Índice UV 1	 - Rango: 191"
"Hora: 9:42:53	 - Temperatura: 32	 - Índice UV 1	 - Rango: 123"
"Hora: 9:42:54	 - Temperatura: 32	 - Índice UV 1	 - Rango: 125"
"Hora: 9:42:55	 - Temperatura: 32	 - Índice UV 1	 - Rango: 165"
"Hora: 9:42:56	 - Temperatura: 32	 - Índice UV 1	 - Rango: 115"
"Hora: 9:42:57	 - Temperatura: 32	 - Índice UV 1	 - Rango: 189"
"Hora: 9:42:58	 - Temperatura: 32	 - Índice UV 1	 - Rango: 169"
"Hora: 9:42:59	 - Temperatura: 32	 - Índice UV 2	 - Rango: 231"
"Hora: 9:43:0	 - Temperatura: 32	 - Índice UV 2	 - Rango: 222"
"Hora: 9:43:1	 - Temperatura: 32	 - Índice UV 2	 - Rango: 221"
"Hora: 9:43:3	 - Temperatura: 31	 - Índice UV 2	 - Rango: 216"
"Hora: 9:43:4	 - Temperatura: 32	 - Índice UV 1	 - Rango: 202"
"Hora: 9:43:5	 - Temperatura: 32	 - Índice UV 2	 - Rango: 217"
"Hora: 9:43:6	 - Temperatura: 32	 - Índice UV 2	 - Rango: 217"
"Hora: 9:43:7	 - Temperatura: 32	 - Índice UV 2	 - Rango: 212"
"Hora: 9:43:8	 - Temperatura: 32	 - Índice UV 1	 - Rango: 203"
"Hora: 9:43:9	 - Temperatura: 32	 - Índice UV 1	 - Rango: 199"
"Hora: 9:43:10	 - Temperatura: 32	 - Índice UV 1	 - Rango: 200"
"Hora: 9:43:11	 - Temperatura: 32	 - Índice UV 2	 - Rango: 219"
"Hora: 9:43:12	 - Temperatura: 32	 - Índice UV 1	 - Rango: 165"
"Hora: 9:43:13	 - Temperatura: 32	 - Índice UV 1	 - Rango: 202"
"Hora: 9:43:14	 - Temperatura: 32	 - Índice UV 1	 - Rango: 192"
"Hora: 9:43:15	 - Temperatura: 31	 - Índice UV 0	 - Rango: 17"
"Hora: 9:43:16	 - Temperatura: 32	 - Índice UV 1	 - Rango: 201"
"Hora: 9:43:17	 - Temperatura: 32	 - Índice UV 1	 - Rango: 197"
"Hora: 9:43:18	 - Temperatura: 32	 - Índice UV 1	 - Rango: 174"
"Hora: 9:43:19	 - Temperatura: 32	 - Índice UV 1	 - Rango: 172"
"Hora: 9:43:20	 - Temperatura: 32	 - Índice UV 2	 - Rango: 208"
"Hora: 9:43:21	 - Temperatura: 32	 - Índice UV 1	 - Rango: 188"
"Hora: 9:43:22	 - Temperatura: 31	 - Índice UV 0	 - Rango: 46"
"Hora: 9:43:23	 - Temperatura: 32	 - Índice UV 1	 - Rango: 138"
"Hora: 9:43:24	 - Temperatura: 32	 - Índice UV 1	 - Rango: 157"
"Hora: 9:43:25	 - Temperatura: 32	 - Índice UV 1	 - Rango: 154"
"Hora: 9:43:26	 - Temperatura: 32	 - Índice UV 1	 - Rango: 148"
"Hora: 9:43:27	 - Temperatura: 32	 - Índice UV 1	 - Rango: 141"
"Hora: 9:43:28	 - Temperatura: 32	 - Índice UV 1	 - Rango: 150"
"Hora: 9:43:29	 - Temperatura: 32	 - Índice UV 1	 - Rango: 154"
"Hora: 9:43:30	 - Temperatura: 32	 - Índice UV 1	 - Rango: 160"
"Hora: 9:43:31	 - Temperatura: 32	 - Índice UV 1	 - Rango: 154"
"Hora: 9:43:32	 - Temperatura: 32	 - Índice UV 1	 - Rango: 150"
"Hora: 9:43:33	 - Temperatura: 32	 - Índice UV 1	 - Rango: 149"
"Hora: 9:43:34	 - Temperatura: 32	 - Índice UV 1	 - Rango: 142"
"Hora: 9:43:35	 - Temperatura: 32	 - Índice UV 1	 - Rango: 149"
"Hora: 9:43:36	 - Temperatura: 32	 - Índice UV 1	 - Rango: 146"
"Hora: 9:43:37	 - Temperatura: 32	 - Índice UV 1	 - Rango: 143"
"Hora: 9:43:38	 - Temperatura: 32	 - Índice UV 1	 - Rango: 140"
"Hora: 9:43:39	 - Temperatura: 32	 - Índice UV 1	 - Rango: 154"
"Hora: 9:43:40	 - Temperatura: 32	 - Índice UV 1	 - Rango: 154"
"Hora: 9:43:41	 - Temperatura: 32	 - Índice UV 0	 - Rango: 30"
"Hora: 9:43:42	 - Temperatura: 32	 - Índice UV 0	 - Rango: 30"
"Hora: 9:43:43	 - Temperatura: 32	 - Índice UV 0	 - Rango: 22"
"Hora: 9:43:44	 - Temperatura: 32	 - Índice UV 1	 - Rango: 111"
"Hora: 9:43:45	 - Temperatura: 32	 - Índice UV 1	 - Rango: 142"
"Hora: 9:43:46	 - Temperatura: 32	 - Índice UV 1	 - Rango: 120"
"Hora: 9:43:47	 - Temperatura: 32	 - Índice UV 1	 - Rango: 103"
"Hora: 9:43:48	 - Temperatura: 32	 - Índice UV 1	 - Rango: 138"
"Hora: 9:43:49	 - Temperatura: 32	 - Índice UV 1	 - Rango: 113"
"Hora: 9:43:50	 - Temperatura: 32	 - Índice UV 1	 - Rango: 149"
"Hora: 9:43:51	 - Temperatura: 32	 - Índice UV 0	 - Rango: 79"
"Hora: 9:43:52	 - Temperatura: 32	 - Índice UV 0	 - Rango: 59"
"Hora: 9:43:53	 - Temperatura: 32	 - Índice UV 0	 - Rango: 35"
"Hora: 9:43:54	 - Temperatura: 32	 - Índice UV 0	 - Rango: 63"
"Hora: 9:43:55	 - Temperatura: 32	 - Índice UV 0	 - Rango: 44"
"Hora: 9:43:56	 - Temperatura: 32	 - Índice UV 0	 - Rango: 43"
"Hora: 9:43:57	 - Temperatura: 32	 - Índice UV 0	 - Rango: 34"
"Hora: 9:43:58	 - Temperatura: 32	 - Índice UV 0	 - Rango: 44"
"Hora: 9:43:59	 - Temperatura: 32	 - Índice UV 0	 - Rango: 35"
"Hora: 9:44:0	 - Temperatura: 32	 - Índice UV 0	 - Rango: 47"
"Hora: 9:44:1	 - Temperatura: 32	 - Índice UV 0	 - Rango: 45"
"Hora: 9:44:2	 - Temperatura: 32	 - Índice UV 0	 - Rango: 46"
"Hora: 9:44:3	 - Temperatura: 32	 - Índice UV 0	 - Rango: 46"
"Hora: 9:44:4	 - Temperatura: 32	 - Índice UV 0	 - Rango: 46"
"Hora: 9:44:5	 - Temperatura: 32	 - Índice UV 0	 - Rango: 46"
"Hora: 9:44:6	 - Temperatura: 32	 - Índice UV 0	 - Rango: 45"
"Hora: 9:44:7	 - Temperatura: 32	 - Índice UV 0	 - Rango: 35"
"Hora: 9:44:8	 - Temperatura: 32	 - Índice UV 0	 - Rango: 46"
"Hora: 9:44:9	 - Temperatura: 32	 - Índice UV 0	 - Rango: 44"
"Hora: 9:44:10	 - Temperatura: 32	 - Índice UV 0	 - Rango: 43"
"Hora: 9:44:11	 - Temperatura: 32	 - Índice UV 0	 - Rango: 29"
"Hora: 9:44:12	 - Temperatura: 32	 - Índice UV 0	 - Rango: 42"
"Hora: 9:44:13	 - Temperatura: 32	 - Índice UV 0	 - Rango: 42"
"Hora: 9:44:14	 - Temperatura: 32	 - Índice UV 2	 - Rango: 222"
"Hora: 9:44:15	 - Temperatura: 32	 - Índice UV 1	 - Rango: 172"
"Hora: 9:44:16	 - Temperatura: 32	 - Índice UV 1	 - Rango: 182"
"Hora: 9:44:17	 - Temperatura: 32	 - Índice UV 2	 - Rango: 232"
"Hora: 9:44:18	 - Temperatura: 32	 - Índice UV 1	 - Rango: 177"
"Hora: 9:44:19	 - Temperatura: 32	 - Índice UV 2	 - Rango: 233"
"Hora: 9:44:20	 - Temperatura: 32	 - Índice UV 2	 - Rango: 235"
"Hora: 9:44:21	 - Temperatura: 32	 - Índice UV 1	 - Rango: 155"
"Hora: 9:44:22	 - Temperatura: 32	 - Índice UV 0	 - Rango: 92"
"Hora: 9:44:23	 - Temperatura: 32	 - Índice UV 1	 - Rango: 117"
"Hora: 9:44:24	 - Temperatura: 32	 - Índice UV 2	 - Rango: 226"
"Hora: 9:44:25	 - Temperatura: 32	 - Índice UV 0	 - Rango: 84"
"Hora: 9:44:26	 - Temperatura: 32	 - Índice UV 0	 - Rango: 85"
"Hora: 9:44:27	 - Temperatura: 32	 - Índice UV 1	 - Rango: 200"
"Hora: 9:44:28	 - Temperatura: 32	 - Índice UV 1	 - Rango: 199"
"Hora: 9:44:29	 - Temperatura: 32	 - Índice UV 1	 - Rango: 138"
"Hora: 9:44:30	 - Temperatura: 32	 - Índice UV 1	 - Rango: 169"
"Hora: 9:44:31	 - Temperatura: 32	 - Índice UV 1	 - Rango: 200"
"Hora: 9:44:32	 - Temperatura: 32	 - Índice UV 1	 - Rango: 123"
"Hora: 9:44:34	 - Temperatura: 32	 - Índice UV 0	 - Rango: 77"
"Hora: 9:44:35	 - Temperatura: 32	 - Índice UV 0	 - Rango: 88"
"Hora: 9:44:36	 - Temperatura: 32	 - Índice UV 0	 - Rango: 68"
"Hora: 9:44:37	 - Temperatura: 32	 - Índice UV 0	 - Rango: 91"
"Hora: 9:44:38	 - Temperatura: 32	 - Índice UV 0	 - Rango: 68"
"Hora: 9:44:39	 - Temperatura: 32	 - Índice UV 0	 - Rango: 78"
"Hora: 9:44:40	 - Temperatura: 32	 - Índice UV 1	 - Rango: 177"
"Hora: 9:44:41	 - Temperatura: 32	 - Índice UV 1	 - Rango: 190"
"Hora: 9:44:42	 - Temperatura: 32	 - Índice UV 1	 - Rango: 164"
"Hora: 9:44:43	 - Temperatura: 32	 - Índice UV 2	 - Rango: 208"
"Hora: 9:44:44	 - Temperatura: 32	 - Índice UV 1	 - Rango: 124"
"Hora: 9:44:45	 - Temperatura: 32	 - Índice UV 1	 - Rango: 180"
"Hora: 9:44:46	 - Temperatura: 32	 - Índice UV 1	 - Rango: 138"
"Hora: 9:44:47	 - Temperatura: 32	 - Índice UV 1	 - Rango: 145"
"Hora: 9:44:48	 - Temperatura: 32	 - Índice UV 1	 - Rango: 197"
"Hora: 9:44:49	 - Temperatura: 32	 - Índice UV 1	 - Rango: 198"
"Hora: 9:44:50	 - Temperatura: 32	 - Índice UV 2	 - Rango: 222"
"Hora: 9:44:51	 - Temperatura: 32	 - Índice UV 0	 - Rango: 79"
"Hora: 9:44:52	 - Temperatura: 32	 - Índice UV 1	 - Rango: 194"
"Hora: 9:44:53	 - Temperatura: 32	 - Índice UV 2	 - Rango: 217"
"Hora: 9:44:54	 - Temperatura: 32	 - Índice UV 2	 - Rango: 221"
"Hora: 9:44:55	 - Temperatura: 32	 - Índice UV 0	 - Rango: 102"
"Hora: 9:44:56	 - Temperatura: 32	 - Índice UV 1	 - Rango: 190"
"Hora: 9:44:57	 - Temperatura: 32	 - Índice UV 2	 - Rango: 214"
"Hora: 9:44:58	 - Temperatura: 32	 - Índice UV 1	 - Rango: 203"
"Hora: 9:44:59	 - Temperatura: 32	 - Índice UV 1	 - Rango: 146"
"Hora: 9:45:0	 - Temperatura: 32	 - Índice UV 1	 - Rango: 198"
"Hora: 9:45:1	 - Temperatura: 32	 - Índice UV 2	 - Rango: 225"
"Hora: 9:45:2	 - Temperatura: 32	 - Índice UV 1	 - Rango: 180"
"Hora: 9:45:3	 - Temperatura: 32	 - Índice UV 2	 - Rango: 222"
"Hora: 9:45:4	 - Temperatura: 32	 - Índice UV 2	 - Rango: 224"
"Hora: 9:45:5	 - Temperatura: 32	 - Índice UV 2	 - Rango: 223"
"Hora: 9:45:6	 - Temperatura: 32	 - Índice UV 2	 - Rango: 222"
"Hora: 9:45:7	 - Temperatura: 32	 - Índice UV 2	 - Rango: 221"
"Hora: 9:45:8	 - Temperatura: 32	 - Índice UV 2	 - Rango: 222"
"Hora: 9:45:9	 - Temperatura: 32	 - Índice UV 2	 - Rango: 221"
"Hora: 9:45:10	 - Temperatura: 32	 - Índice UV 2	 - Rango: 220"
"Hora: 9:45:11	 - Temperatura: 32	 - Índice UV 2	 - Rango: 218"
"Hora: 9:45:12	 - Temperatura: 32	 - Índice UV 2	 - Rango: 219"
"Hora: 9:45:13	 - Temperatura: 32	 - Índice UV 2	 - Rango: 221"
"Hora: 9:45:14	 - Temperatura: 32	 - Índice UV 2	 - Rango: 218"
"Hora: 9:45:15	 - Temperatura: 32	 - Índice UV 2	 - Rango: 215"
"Hora: 9:45:16	 - Temperatura: 32	 - Índice UV 2	 - Rango: 208"
"Hora: 9:45:17	 - Temperatura: 32	 - Índice UV 2	 - Rango: 213"
"Hora: 9:45:18	 - Temperatura: 32	 - Índice UV 1	 - Rango: 193"
"Hora: 9:45:19	 - Temperatura: 32	 - Índice UV 2	 - Rango: 211"
"Hora: 9:45:20	 - Temperatura: 32	 - Índice UV 2	 - Rango: 219"
"Hora: 9:45:21	 - Temperatura: 32	 - Índice UV 2	 - Rango: 217"
"Hora: 9:45:22	 - Temperatura: 32	 - Índice UV 2	 - Rango: 220"
"Hora: 9:45:23	 - Temperatura: 32	 - Índice UV 2	 - Rango: 211"
"Hora: 9:45:24	 - Temperatura: 32	 - Índice UV 2	 - Rango: 214"
"Hora: 9:45:25	 - Temperatura: 32	 - Índice UV 1	 - Rango: 203"
"Hora: 9:45:26	 - Temperatura: 32	 - Índice UV 2	 - Rango: 213"
"Hora: 9:45:27	 - Temperatura: 32	 - Índice UV 2	 - Rango: 206"
"Hora: 9:45:28	 - Temperatura: 32	 - Índice UV 1	 - Rango: 203"
"Hora: 9:45:29	 - Temperatura: 32	 - Índice UV 2	 - Rango: 207"
"Hora: 9:45:30	 - Temperatura: 32	 - Índice UV 2	 - Rango: 206"
"Hora: 9:45:31	 - Temperatura: 32	 - Índice UV 2	 - Rango: 212"
"Hora: 9:45:32	 - Temperatura: 32	 - Índice UV 2	 - Rango: 210"
"Hora: 9:45:33	 - Temperatura: 32	 - Índice UV 2	 - Rango: 211"
"Hora: 9:45:34	 - Temperatura: 32	 - Índice UV 2	 - Rango: 211"
"Hora: 9:45:35	 - Temperatura: 32	 - Índice UV 2	 - Rango: 214"
"Hora: 9:45:36	 - Temperatura: 32	 - Índice UV 2	 - Rango: 216"
"Hora: 9:45:37	 - Temperatura: 32	 - Índice UV 1	 - Rango: 192"
"Hora: 9:45:38	 - Temperatura: 32	 - Índice UV 1	 - Rango: 201"
"Hora: 9:45:39	 - Temperatura: 32	 - Índice UV 2	 - Rango: 215"
"Hora: 9:45:40	 - Temperatura: 32	 - Índice UV 2	 - Rango: 211"
"Hora: 9:45:41	 - Temperatura: 32	 - Índice UV 2	 - Rango: 216"
"Hora: 9:45:42	 - Temperatura: 32	 - Índice UV 2	 - Rango: 209"
"Hora: 9:45:43	 - Temperatura: 32	 - Índice UV 2	 - Rango: 208"
"Hora: 9:45:44	 - Temperatura: 32	 - Índice UV 2	 - Rango: 213"
"Hora: 9:45:45	 - Temperatura: 32	 - Índice UV 1	 - Rango: 204"
"Hora: 9:45:46	 - Temperatura: 32	 - Índice UV 2	 - Rango: 211"
"Hora: 9:45:47	 - Temperatura: 32	 - Índice UV 1	 - Rango: 202"
"Hora: 9:45:48	 - Temperatura: 32	 - Índice UV 1	 - Rango: 196"
"Hora: 9:45:49	 - Temperatura: 32	 - Índice UV 1	 - Rango: 191"
"Hora: 9:45:50	 - Temperatura: 32	 - Índice UV 2	 - Rango: 209"
"Hora: 9:45:51	 - Temperatura: 32	 - Índice UV 1	 - Rango: 201"
"Hora: 9:45:52	 - Temperatura: 32	 - Índice UV 2	 - Rango: 216"
"Hora: 9:45:53	 - Temperatura: 32	 - Índice UV 2	 - Rango: 207"
"Hora: 9:45:54	 - Temperatura: 32	 - Índice UV 2	 - Rango: 206"
"Hora: 9:45:55	 - Temperatura: 32	 - Índice UV 2	 - Rango: 205"
"Hora: 9:45:56	 - Temperatura: 32	 - Índice UV 1	 - Rango: 203"
"Hora: 9:45:57	 - Temperatura: 32	 - Índice UV 1	 - Rango: 196"
"Hora: 9:45:58	 - Temperatura: 32	 - Índice UV 1	 - Rango: 201"
"Hora: 9:45:59	 - Temperatura: 32	 - Índice UV 1	 - Rango: 203"
"Hora: 9:46:0	 - Temperatura: 32	 - Índice UV 1	 - Rango: 193"
"Hora: 9:46:1	 - Temperatura: 32	 - Índice UV 1	 - Rango: 197"
"Hora: 9:46:2	 - Temperatura: 32	 - Índice UV 2	 - Rango: 205"
"Hora: 9:46:3	 - Temperatura: 32	 - Índice UV 1	 - Rango: 199"
"Hora: 9:46:5	 - Temperatura: 32	 - Índice UV 1	 - Rango: 202"
"Hora: 9:46:6	 - Temperatura: 32	 - Índice UV 1	 - Rango: 197"
"Hora: 9:46:7	 - Temperatura: 32	 - Índice UV 1	 - Rango: 195"
"Hora: 9:46:8	 - Temperatura: 32	 - Índice UV 1	 - Rango: 192"
"Hora: 9:46:9	 - Temperatura: 32	 - Índice UV 1	 - Rango: 189"
"Hora: 9:46:10	 - Temperatura: 32	 - Índice UV 1	 - Rango: 189"
"Hora: 9:46:11	 - Temperatura: 32	 - Índice UV 1	 - Rango: 192"
"Hora: 9:46:12	 - Temperatura: 32	 - Índice UV 1	 - Rango: 186"
"Hora: 9:46:13	 - Temperatura: 32	 - Índice UV 1	 - Rango: 190"
"Hora: 9:46:14	 - Temperatura: 32	 - Índice UV 1	 - Rango: 199"
"Hora: 9:46:15	 - Temperatura: 32	 - Índice UV 1	 - Rango: 196"
"Hora: 9:46:16	 - Temperatura: 32	 - Índice UV 1	 - Rango: 197"
"Hora: 9:46:17	 - Temperatura: 32	 - Índice UV 1	 - Rango: 189"
"Hora: 9:46:18	 - Temperatura: 32	 - Índice UV 1	 - Rango: 181"
"Hora: 9:46:19	 - Temperatura: 32	 - Índice UV 1	 - Rango: 185"
"Hora: 9:46:20	 - Temperatura: 32	 - Índice UV 1	 - Rango: 186"
"Hora: 9:46:21	 - Temperatura: 32	 - Índice UV 1	 - Rango: 189"
"Hora: 9:46:22	 - Temperatura: 32	 - Índice UV 1	 - Rango: 195"
"Hora: 9:46:23	 - Temperatura: 32	 - Índice UV 1	 - Rango: 197"
"Hora: 9:46:24	 - Temperatura: 32	 - Índice UV 2	 - Rango: 226"
"Hora: 9:46:25	 - Temperatura: 32	 - Índice UV 2	 - Rango: 238"
"Hora: 9:46:26	 - Temperatura: 32	 - Índice UV 2	 - Rango: 233"
"Hora: 9:46:27	 - Temperatura: 32	 - Índice UV 2	 - Rango: 241"
"Hora: 9:46:28	 - Temperatura: 32	 - Índice UV 2	 - Rango: 213"
"Hora: 9:46:29	 - Temperatura: 32	 - Índice UV 2	 - Rango: 237"
"Hora: 9:46:30	 - Temperatura: 32	 - Índice UV 2	 - Rango: 240"
"Hora: 9:46:31	 - Temperatura: 32	 - Índice UV 2	 - Rango: 233"
"Hora: 9:46:32	 - Temperatura: 32	 - Índice UV 2	 - Rango: 233"
"Hora: 9:46:33	 - Temperatura: 32	 - Índice UV 2	 - Rango: 231"
"Hora: 9:46:34	 - Temperatura: 32	 - Índice UV 2	 - Rango: 238"
"Hora: 9:46:35	 - Temperatura: 32	 - Índice UV 2	 - Rango: 257"
"Hora: 9:46:36	 - Temperatura: 32	 - Índice UV 2	 - Rango: 256"
"Hora: 9:46:37	 - Temperatura: 32	 - Índice UV 2	 - Rango: 252"
"Hora: 9:46:38	 - Temperatura: 32	 - Índice UV 2	 - Rango: 250"
"Hora: 9:46:39	 - Temperatura: 32	 - Índice UV 2	 - Rango: 245"
"Hora: 9:46:40	 - Temperatura: 32	 - Índice UV 2	 - Rango: 239"
"Hora: 9:46:41	 - Temperatura: 32	 - Índice UV 2	 - Rango: 255"
"Hora: 9:46:42	 - Temperatura: 32	 - Índice UV 2	 - Rango: 213"
"Hora: 9:46:43	 - Temperatura: 32	 - Índice UV 2	 - Rango: 242"
"Hora: 9:46:44	 - Temperatura: 32	 - Índice UV 0	 - Rango: 41"
"Hora: 9:46:45	 - Temperatura: 32	 - Índice UV 0	 - Rango: 20"
"Hora: 9:46:46	 - Temperatura: 32	 - Índice UV 1	 - Rango: 189"
"Hora: 9:46:47	 - Temperatura: 32	 - Índice UV 2	 - Rango: 229"
"Hora: 9:46:48	 - Temperatura: 32	 - Índice UV 0	 - Rango: 52"
"Hora: 9:46:49	 - Temperatura: 32	 - Índice UV 2	 - Rango: 253"
"Hora: 9:46:50	 - Temperatura: 32	 - Índice UV 2	 - Rango: 251"
"Hora: 9:46:51	 - Temperatura: 32	 - Índice UV 2	 - Rango: 250"
"Hora: 9:46:52	 - Temperatura: 32	 - Índice UV 2	 - Rango: 250"
"Hora: 9:46:53	 - Temperatura: 32	 - Índice UV 2	 - Rango: 224"
"Hora: 9:46:54	 - Temperatura: 32	 - Índice UV 2	 - Rango: 235"
"Hora: 9:46:55	 - Temperatura: 32	 - Índice UV 2	 - Rango: 250"
"Hora: 9:46:56	 - Temperatura: 32	 - Índice UV 2	 - Rango: 243"
"Hora: 9:46:57	 - Temperatura: 32	 - Índice UV 2	 - Rango: 245"
"Hora: 9:46:58	 - Temperatura: 32	 - Índice UV 2	 - Rango: 249"
"Hora: 9:46:59	 - Temperatura: 32	 - Índice UV 2	 - Rango: 247"
"Hora: 9:47:0	 - Temperatura: 32	 - Índice UV 2	 - Rango: 246"
"Hora: 9:47:1	 - Temperatura: 32	 - Índice UV 2	 - Rango: 247"
"Hora: 9:47:2	 - Temperatura: 32	 - Índice UV 2	 - Rango: 247"
"Hora: 9:47:3	 - Temperatura: 32	 - Índice UV 2	 - Rango: 234"
"Hora: 9:47:4	 - Temperatura: 32	 - Índice UV 2	 - Rango: 244"
"Hora: 9:47:5	 - Temperatura: 32	 - Índice UV 2	 - Rango: 249"
"Hora: 9:47:6	 - Temperatura: 32	 - Índice UV 2	 - Rango: 244"
"Hora: 9:47:7	 - Temperatura: 32	 - Índice UV 2	 - Rango: 258"
"Hora: 9:47:8	 - Temperatura: 32	 - Índice UV 2	 - Rango: 233"
"Hora: 9:47:9	 - Temperatura: 32	 - Índice UV 2	 - Rango: 255"
"Hora: 9:47:10	 - Temperatura: 32	 - Índice UV 2	 - Rango: 246"
"Hora: 9:47:11	 - Temperatura: 32	 - Índice UV 2	 - Rango: 246"
"Hora: 9:47:12	 - Temperatura: 32	 - Índice UV 2	 - Rango: 243"
"Hora: 9:47:13	 - Temperatura: 32	 - Índice UV 0	 - Rango: 68"
"Hora: 9:47:14	 - Temperatura: 32	 - Índice UV 0	 - Rango: 97"
"Hora: 9:47:15	 - Temperatura: 32	 - Índice UV 2	 - Rango: 223"
"Hora: 9:47:16	 - Temperatura: 32	 - Índice UV 2	 - Rango: 205"
"Hora: 9:47:17	 - Temperatura: 32	 - Índice UV 2	 - Rango: 242"
"Hora: 9:47:18	 - Temperatura: 32	 - Índice UV 1	 - Rango: 198"
"Hora: 9:47:19	 - Temperatura: 32	 - Índice UV 2	 - Rango: 226"
"Hora: 9:47:20	 - Temperatura: 32	 - Índice UV 2	 - Rango: 254"
"Hora: 9:47:21	 - Temperatura: 32	 - Índice UV 2	 - Rango: 251"
"Hora: 9:47:22	 - Temperatura: 32	 - Índice UV 2	 - Rango: 252"
"Hora: 9:47:23	 - Temperatura: 32	 - Índice UV 2	 - Rango: 263"
"Hora: 9:47:24	 - Temperatura: 32	 - Índice UV 2	 - Rango: 227"
"Hora: 9:47:25	 - Temperatura: 32	 - Índice UV 0	 - Rango: 40"
"Hora: 9:47:26	 - Temperatura: 32	 - Índice UV 0	 - Rango: 48"
"Hora: 9:47:27	 - Temperatura: 32	 - Índice UV 1	 - Rango: 202"
"Hora: 9:47:28	 - Temperatura: 32	 - Índice UV 1	 - Rango: 187"
"Hora: 9:47:29	 - Temperatura: 32	 - Índice UV 1	 - Rango: 194"
"Hora: 9:47:30	 - Temperatura: 32	 - Índice UV 2	 - Rango: 231"
"Hora: 9:47:31	 - Temperatura: 32	 - Índice UV 2	 - Rango: 262"
"Hora: 9:47:32	 - Temperatura: 32	 - Índice UV 2	 - Rango: 230"
"Hora: 9:47:33	 - Temperatura: 32	 - Índice UV 1	 - Rango: 134"
"Hora: 9:47:34	 - Temperatura: 32	 - Índice UV 1	 - Rango: 143"
"Hora: 9:47:36	 - Temperatura: 32	 - Índice UV 2	 - Rango: 224"
"Hora: 9:47:37	 - Temperatura: 32	 - Índice UV 1	 - Rango: 187"
"Hora: 9:47:38	 - Temperatura: 32	 - Índice UV 2	 - Rango: 224"
"Hora: 9:47:39	 - Temperatura: 32	 - Índice UV 1	 - Rango: 204"
"Hora: 9:47:40	 - Temperatura: 32	 - Índice UV 1	 - Rango: 197"
"Hora: 9:47:41	 - Temperatura: 32	 - Índice UV 1	 - Rango: 158"
"Hora: 9:47:42	 - Temperatura: 32	 - Índice UV 1	 - Rango: 199"
"Hora: 9:47:43	 - Temperatura: 32	 - Índice UV 2	 - Rango: 233"
"Hora: 9:47:44	 - Temperatura: 32	 - Índice UV 2	 - Rango: 228"
"Hora: 9:47:45	 - Temperatura: 32	 - Índice UV 2	 - Rango: 219"
"Hora: 9:47:46	 - Temperatura: 32	 - Índice UV 2	 - Rango: 211"
"Hora: 9:47:47	 - Temperatura: 32	 - Índice UV 2	 - Rango: 223"
"Hora: 9:47:48	 - Temperatura: 32	 - Índice UV 2	 - Rango: 231"
"Hora: 9:47:49	 - Temperatura: 32	 - Índice UV 2	 - Rango: 208"
"Hora: 9:47:50	 - Temperatura: 32	 - Índice UV 2	 - Rango: 232"
"Hora: 9:47:51	 - Temperatura: 32	 - Índice UV 2	 - Rango: 209"
"Hora: 9:47:52	 - Temperatura: 32	 - Índice UV 1	 - Rango: 165"
"Hora: 9:47:53	 - Temperatura: 32	 - Índice UV 2	 - Rango: 231"
"Hora: 9:47:54	 - Temperatura: 32	 - Índice UV 2	 - Rango: 239"
"Hora: 9:47:55	 - Temperatura: 32	 - Índice UV 2	 - Rango: 221"
"Hora: 9:47:56	 - Temperatura: 32	 - Índice UV 1	 - Rango: 161"
"Hora: 9:47:57	 - Temperatura: 32	 - Índice UV 1	 - Rango: 201"
"Hora: 9:47:58	 - Temperatura: 32	 - Índice UV 2	 - Rango: 209"
"Hora: 9:47:59	 - Temperatura: 32	 - Índice UV 2	 - Rango: 217"
"Hora: 9:48:0	 - Temperatura: 32	 - Índice UV 1	 - Rango: 153"
"Hora: 9:48:1	 - Temperatura: 32	 - Índice UV 2	 - Rango: 213"
"Hora: 9:48:2	 - Temperatura: 32	 - Índice UV 1	 - Rango: 151"
"Hora: 9:48:3	 - Temperatura: 32	 - Índice UV 1	 - Rango: 186"
"Hora: 9:48:4	 - Temperatura: 32	 - Índice UV 2	 - Rango: 220"
"Hora: 9:48:5	 - Temperatura: 32	 - Índice UV 1	 - Rango: 147"
"Hora: 9:48:6	 - Temperatura: 32	 - Índice UV 2	 - Rango: 231"
"Hora: 9:48:7	 - Temperatura: 32	 - Índice UV 1	 - Rango: 198"
"Hora: 9:48:8	 - Temperatura: 32	 - Índice UV 1	 - Rango: 180"
"Hora: 9:48:9	 - Temperatura: 32	 - Índice UV 2	 - Rango: 217"
"Hora: 9:48:10	 - Temperatura: 32	 - Índice UV 2	 - Rango: 213"
"Hora: 9:48:11	 - Temperatura: 32	 - Índice UV 2	 - Rango: 225"
"Hora: 9:48:12	 - Temperatura: 32	 - Índice UV 2	 - Rango: 228"
"Hora: 9:48:13	 - Temperatura: 32	 - Índice UV 1	 - Rango: 192"
"Hora: 9:48:14	 - Temperatura: 32	 - Índice UV 1	 - Rango: 174"
"Hora: 9:48:15	 - Temperatura: 32	 - Índice UV 1	 - Rango: 177"
"Hora: 9:48:16	 - Temperatura: 32	 - Índice UV 1	 - Rango: 166"
"Hora: 9:48:17	 - Temperatura: 32	 - Índice UV 1	 - Rango: 187"
"Hora: 9:48:18	 - Temperatura: 32	 - Índice UV 2	 - Rango: 212"
"Hora: 9:48:19	 - Temperatura: 32	 - Índice UV 1	 - Rango: 154"
"Hora: 9:48:20	 - Temperatura: 32	 - Índice UV 2	 - Rango: 237"
"Hora: 9:48:21	 - Temperatura: 32	 - Índice UV 2	 - Rango: 250"
"Hora: 9:48:22	 - Temperatura: 32	 - Índice UV 1	 - Rango: 191"
"Hora: 9:48:23	 - Temperatura: 32	 - Índice UV 1	 - Rango: 202"
"Hora: 9:48:24	 - Temperatura: 32	 - Índice UV 2	 - Rango: 218"
"Hora: 9:48:25	 - Temperatura: 32	 - Índice UV 2	 - Rango: 227"
"Hora: 9:48:26	 - Temperatura: 32	 - Índice UV 2	 - Rango: 208"
"Hora: 9:48:27	 - Temperatura: 32	 - Índice UV 2	 - Rango: 221"
"Hora: 9:48:28	 - Temperatura: 32	 - Índice UV 2	 - Rango: 242"
"Hora: 9:48:29	 - Temperatura: 32	 - Índice UV 2	 - Rango: 244"
"Hora: 9:48:30	 - Temperatura: 32	 - Índice UV 2	 - Rango: 256"
"Hora: 9:48:31	 - Temperatura: 32	 - Índice UV 2	 - Rango: 257"
"Hora: 9:48:32	 - Temperatura: 32	 - Índice UV 2	 - Rango: 258"
"Hora: 9:48:33	 - Temperatura: 32	 - Índice UV 2	 - Rango: 252"
"Hora: 9:48:34	 - Temperatura: 32	 - Índice UV 2	 - Rango: 266"
"Hora: 9:48:35	 - Temperatura: 32	 - Índice UV 2	 - Rango: 265"
"Hora: 9:48:36	 - Temperatura: 32	 - Índice UV 2	 - Rango: 269"
"Hora: 9:48:37	 - Temperatura: 32	 - Índice UV 2	 - Rango: 264"
"Hora: 9:48:38	 - Temperatura: 32	 - Índice UV 2	 - Rango: 240"
"Hora: 9:48:39	 - Temperatura: 32	 - Índice UV 2	 - Rango: 243"
"Hora: 9:48:40	 - Temperatura: 32	 - Índice UV 2	 - Rango: 253"
"Hora: 9:48:41	 - Temperatura: 32	 - Índice UV 2	 - Rango: 265"
"Hora: 9:48:42	 - Temperatura: 32	 - Índice UV 2	 - Rango: 263"
"Hora: 9:48:43	 - Temperatura: 32	 - Índice UV 2	 - Rango: 254"
"Hora: 9:48:44	 - Temperatura: 32	 - Índice UV 2	 - Rango: 247"
"Hora: 9:48:45	 - Temperatura: 32	 - Índice UV 2	 - Rango: 247"
"Hora: 9:48:46	 - Temperatura: 32	 - Índice UV 2	 - Rango: 237"
"Hora: 9:48:47	 - Temperatura: 32	 - Índice UV 2	 - Rango: 226"
"Hora: 9:48:48	 - Temperatura: 32	 - Índice UV 2	 - Rango: 226"
"Hora: 9:48:49	 - Temperatura: 32	 - Índice UV 2	 - Rango: 226"
"Hora: 9:48:50	 - Temperatura: 32	 - Índice UV 2	 - Rango: 224"
"Hora: 9:48:51	 - Temperatura: 32	 - Índice UV 2	 - Rango: 220"
"Hora: 9:48:52	 - Temperatura: 32	 - Índice UV 2	 - Rango: 207"
"Hora: 9:48:53	 - Temperatura: 32	 - Índice UV 2	 - Rango: 235"
"Hora: 9:48:54	 - Temperatura: 32	 - Índice UV 2	 - Rango: 231"
"Hora: 9:48:55	 - Temperatura: 32	 - Índice UV 2	 - Rango: 233"
"Hora: 9:48:56	 - Temperatura: 32	 - Índice UV 2	 - Rango: 229"
"Hora: 9:48:57	 - Temperatura: 32	 - Índice UV 2	 - Rango: 232"
"Hora: 9:48:58	 - Temperatura: 32	 - Índice UV 2	 - Rango: 234"
"Hora: 9:48:59	 - Temperatura: 32	 - Índice UV 2	 - Rango: 228"
"Hora: 9:49:0	 - Temperatura: 32	 - Índice UV 2	 - Rango: 229"
"Hora: 9:49:1	 - Temperatura: 32	 - Índice UV 2	 - Rango: 229"
"Hora: 9:49:2	 - Temperatura: 32	 - Índice UV 2	 - Rango: 223"
"Hora: 9:49:3	 - Temperatura: 32	 - Índice UV 0	 - Rango: 92"
"Hora: 9:49:4	 - Temperatura: 32	 - Índice UV 1	 - Rango: 145"
"Hora: 9:49:5	 - Temperatura: 32	 - Índice UV 2	 - Rango: 209"
"Hora: 9:49:7	 - Temperatura: 32	 - Índice UV 1	 - Rango: 185"
"Hora: 9:49:7	 - Temperatura: 32	 - Índice UV 2	 - Rango: 218"
"Hora: 9:49:9	 - Temperatura: 32	 - Índice UV 1	 - Rango: 184"
"Hora: 9:49:10	 - Temperatura: 32	 - Índice UV 2	 - Rango: 206"
"Hora: 9:49:11	 - Temperatura: 32	 - Índice UV 2	 - Rango: 228"
"Hora: 9:49:12	 - Temperatura: 32	 - Índice UV 2	 - Rango: 206"
"Hora: 9:49:13	 - Temperatura: 32	 - Índice UV 1	 - Rango: 123"
"Hora: 9:49:14	 - Temperatura: 32	 - Índice UV 1	 - Rango: 137"
"Hora: 9:49:15	 - Temperatura: 32	 - Índice UV 1	 - Rango: 149"
"Hora: 9:49:16	 - Temperatura: 32	 - Índice UV 2	 - Rango: 216"
"Hora: 9:49:17	 - Temperatura: 32	 - Índice UV 1	 - Rango: 150"
"Hora: 9:49:18	 - Temperatura: 32	 - Índice UV 1	 - Rango: 155"
"Hora: 9:49:19	 - Temperatura: 32	 - Índice UV 1	 - Rango: 122"
"Hora: 9:49:20	 - Temperatura: 32	 - Índice UV 1	 - Rango: 152"
"Hora: 9:49:21	 - Temperatura: 32	 - Índice UV 1	 - Rango: 128"
"Hora: 9:49:22	 - Temperatura: 32	 - Índice UV 0	 - Rango: 58"
"Hora: 9:49:23	 - Temperatura: 32	 - Índice UV 1	 - Rango: 126"
"Hora: 9:49:24	 - Temperatura: 32	 - Índice UV 1	 - Rango: 114"
"Hora: 9:49:25	 - Temperatura: 32	 - Índice UV 1	 - Rango: 122"
"Hora: 9:49:26	 - Temperatura: 32	 - Índice UV 1	 - Rango: 111"
"Hora: 9:49:27	 - Temperatura: 32	 - Índice UV 1	 - Rango: 126"
"Hora: 9:49:28	 - Temperatura: 32	 - Índice UV 0	 - Rango: 58"
"Hora: 9:49:29	 - Temperatura: 32	 - Índice UV 0	 - Rango: 64"
"Hora: 9:49:30	 - Temperatura: 32	 - Índice UV 0	 - Rango: 99"
"Hora: 9:49:31	 - Temperatura: 32	 - Índice UV 0	 - Rango: 90"
"Hora: 9:49:32	 - Temperatura: 32	 - Índice UV 1	 - Rango: 111"
"Hora: 9:49:33	 - Temperatura: 32	 - Índice UV 0	 - Rango: 64"
"Hora: 9:49:34	 - Temperatura: 32	 - Índice UV 0	 - Rango: 55"
"Hora: 9:49:35	 - Temperatura: 32	 - Índice UV 1	 - Rango: 149"
"Hora: 9:49:36	 - Temperatura: 32	 - Índice UV 1	 - Rango: 147"
"Hora: 9:49:37	 - Temperatura: 32	 - Índice UV 1	 - Rango: 136"
"Hora: 9:49:38	 - Temperatura: 32	 - Índice UV 1	 - Rango: 119"
"Hora: 9:49:39	 - Temperatura: 32	 - Índice UV 0	 - Rango: 47"
"Hora: 9:49:40	 - Temperatura: 32	 - Índice UV 1	 - Rango: 122"
"Hora: 9:49:41	 - Temperatura: 32	 - Índice UV 1	 - Rango: 140"
"Hora: 9:49:42	 - Temperatura: 32	 - Índice UV 0	 - Rango: 65"
"Hora: 9:49:43	 - Temperatura: 32	 - Índice UV 0	 - Rango: 88"
"Hora: 9:49:44	 - Temperatura: 32	 - Índice UV 2	 - Rango: 226"
"Hora: 9:49:45	 - Temperatura: 32	 - Índice UV 1	 - Rango: 201"
"Hora: 9:49:46	 - Temperatura: 32	 - Índice UV 2	 - Rango: 222"
"Hora: 9:49:47	 - Temperatura: 32	 - Índice UV 2	 - Rango: 223"
"Hora: 9:49:48	 - Temperatura: 32	 - Índice UV 2	 - Rango: 219"
"Hora: 9:49:49	 - Temperatura: 32	 - Índice UV 2	 - Rango: 242"
"Hora: 9:49:50	 - Temperatura: 32	 - Índice UV 2	 - Rango: 239"
"Hora: 9:49:51	 - Temperatura: 32	 - Índice UV 2	 - Rango: 233"
"Hora: 9:49:52	 - Temperatura: 32	 - Índice UV 2	 - Rango: 234"
"Hora: 9:49:53	 - Temperatura: 32	 - Índice UV 2	 - Rango: 235"
"Hora: 9:49:54	 - Temperatura: 32	 - Índice UV 2	 - Rango: 248"
"Hora: 9:49:55	 - Temperatura: 32	 - Índice UV 0	 - Rango: 69"
"Hora: 9:49:56	 - Temperatura: 32	 - Índice UV 2	 - Rango: 226"
"Hora: 9:49:57	 - Temperatura: 32	 - Índice UV 2	 - Rango: 231"
"Hora: 9:49:58	 - Temperatura: 32	 - Índice UV 2	 - Rango: 205"
"Hora: 9:49:59	 - Temperatura: 32	 - Índice UV 2	 - Rango: 222"
"Hora: 9:50:0	 - Temperatura: 32	 - Índice UV 2	 - Rango: 224"
"Hora: 9:50:1	 - Temperatura: 32	 - Índice UV 2	 - Rango: 227"
"Hora: 9:50:2	 - Temperatura: 32	 - Índice UV 2	 - Rango: 226"
"Hora: 9:50:3	 - Temperatura: 32	 - Índice UV 2	 - Rango: 230"
"Hora: 9:50:4	 - Temperatura: 32	 - Índice UV 2	 - Rango: 230"
"Hora: 9:50:5	 - Temperatura: 32	 - Índice UV 2	 - Rango: 229"
"Hora: 9:50:6	 - Temperatura: 32	 - Índice UV 2	 - Rango: 229"
"Hora: 9:50:7	 - Temperatura: 32	 - Índice UV 0	 - Rango: 92"
"Hora: 9:50:8	 - Temperatura: 32	 - Índice UV 2	 - Rango: 243"
"Hora: 9:50:9	 - Temperatura: 32	 - Índice UV 2	 - Rango: 243"
"Hora: 9:50:10	 - Temperatura: 32	 - Índice UV 1	 - Rango: 182"
"Hora: 9:50:11	 - Temperatura: 32	 - Índice UV 2	 - Rango: 233"
"Hora: 9:50:12	 - Temperatura: 32	 - Índice UV 2	 - Rango: 225"
"Hora: 9:50:13	 - Temperatura: 32	 - Índice UV 2	 - Rango: 232"
"Hora: 9:50:14	 - Temperatura: 32	 - Índice UV 2	 - Rango: 226"
"Hora: 9:50:15	 - Temperatura: 32	 - Índice UV 2	 - Rango: 209"
"Hora: 9:50:16	 - Temperatura: 32	 - Índice UV 1	 - Rango: 201"
"Hora: 9:50:17	 - Temperatura: 32	 - Índice UV 2	 - Rango: 216"
"Hora: 9:50:18	 - Temperatura: 32	 - Índice UV 2	 - Rango: 226"
"Hora: 9:50:19	 - Temperatura: 32	 - Índice UV 1	 - Rango: 184"
"Hora: 9:50:20	 - Temperatura: 32	 - Índice UV 2	 - Rango: 214"
"Hora: 9:50:21	 - Temperatura: 32	 - Índice UV 2	 - Rango: 222"
"Hora: 9:50:22	 - Temperatura: 32	 - Índice UV 2	 - Rango: 222"
"Hora: 9:50:23	 - Temperatura: 32	 - Índice UV 2	 - Rango: 220"
"Hora: 9:50:24	 - Temperatura: 32	 - Índice UV 2	 - Rango: 214"
"Hora: 9:50:25	 - Temperatura: 32	 - Índice UV 2	 - Rango: 217"
"Hora: 9:50:26	 - Temperatura: 32	 - Índice UV 2	 - Rango: 218"
"Hora: 9:50:27	 - Temperatura: 32	 - Índice UV 2	 - Rango: 220"
"Hora: 9:50:28	 - Temperatura: 32	 - Índice UV 1	 - Rango: 122"
"Hora: 9:50:29	 - Temperatura: 32	 - Índice UV 1	 - Rango: 195"
"Hora: 9:50:30	 - Temperatura: 32	 - Índice UV 2	 - Rango: 213"
"Hora: 9:50:31	 - Temperatura: 32	 - Índice UV 2	 - Rango: 229"
"Hora: 9:50:32	 - Temperatura: 32	 - Índice UV 0	 - Rango: 96"
"Hora: 9:50:33	 - Temperatura: 32	 - Índice UV 0	 - Rango: 63"
"Hora: 9:50:34	 - Temperatura: 32	 - Índice UV 2	 - Rango: 212"
"Hora: 9:50:35	 - Temperatura: 32	 - Índice UV 0	 - Rango: 75"
"Hora: 9:50:36	 - Temperatura: 32	 - Índice UV 0	 - Rango: 99"
"Hora: 9:50:37	 - Temperatura: 32	 - Índice UV 0	 - Rango: 57"
"Hora: 9:50:38	 - Temperatura: 32	 - Índice UV 0	 - Rango: 64"
"Hora: 9:50:40	 - Temperatura: 32	 - Índice UV 0	 - Rango: 62"
"Hora: 9:50:41	 - Temperatura: 32	 - Índice UV 0	 - Rango: 97"
"Hora: 9:50:42	 - Temperatura: 32	 - Índice UV 0	 - Rango: 66"
"Hora: 9:50:43	 - Temperatura: 32	 - Índice UV 0	 - Rango: 73"
"Hora: 9:50:44	 - Temperatura: 32	 - Índice UV 2	 - Rango: 209"
"Hora: 9:50:45	 - Temperatura: 32	 - Índice UV 1	 - Rango: 180"
"Hora: 9:50:46	 - Temperatura: 32	 - Índice UV 1	 - Rango: 187"
"Hora: 9:50:47	 - Temperatura: 32	 - Índice UV 0	 - Rango: 67"
"Hora: 9:50:48	 - Temperatura: 32	 - Índice UV 1	 - Rango: 192"
"Hora: 9:50:49	 - Temperatura: 32	 - Índice UV 1	 - Rango: 191"
"Hora: 9:50:50	 - Temperatura: 32	 - Índice UV 0	 - Rango: 65"
"Hora: 9:50:51	 - Temperatura: 32	 - Índice UV 2	 - Rango: 210"
"Hora: 9:50:52	 - Temperatura: 32	 - Índice UV 1	 - Rango: 204"
"Hora: 9:50:53	 - Temperatura: 32	 - Índice UV 2	 - Rango: 205"
"Hora: 9:50:54	 - Temperatura: 32	 - Índice UV 2	 - Rango: 205"
"Hora: 9:50:55	 - Temperatura: 32	 - Índice UV 2	 - Rango: 225"
"Hora: 9:50:56	 - Temperatura: 32	 - Índice UV 1	 - Rango: 196"
"Hora: 9:50:57	 - Temperatura: 32	 - Índice UV 2	 - Rango: 209"
"Hora: 9:50:58	 - Temperatura: 32	 - Índice UV 1	 - Rango: 200"
"Hora: 9:50:59	 - Temperatura: 32	 - Índice UV 1	 - Rango: 171"
"Hora: 9:51:0	 - Temperatura: 32	 - Índice UV 1	 - Rango: 194"
"Hora: 9:51:1	 - Temperatura: 32	 - Índice UV 1	 - Rango: 201"
"Hora: 9:51:2	 - Temperatura: 32	 - Índice UV 2	 - Rango: 206"
"Hora: 9:51:3	 - Temperatura: 32	 - Índice UV 2	 - Rango: 213"
"Hora: 9:51:4	 - Temperatura: 32	 - Índice UV 1	 - Rango: 178"
"Hora: 9:51:5	 - Temperatura: 32	 - Índice UV 2	 - Rango: 224"
"Hora: 9:51:6	 - Temperatura: 32	 - Índice UV 2	 - Rango: 224"
"Hora: 9:51:7	 - Temperatura: 32	 - Índice UV 2	 - Rango: 226"
"Hora: 9:51:8	 - Temperatura: 32	 - Índice UV 2	 - Rango: 224"
"Hora: 9:51:9	 - Temperatura: 32	 - Índice UV 1	 - Rango: 183"
"Hora: 9:51:10	 - Temperatura: 32	 - Índice UV 1	 - Rango: 177"
"Hora: 9:51:11	 - Temperatura: 32	 - Índice UV 1	 - Rango: 191"
"Hora: 9:51:12	 - Temperatura: 32	 - Índice UV 1	 - Rango: 189"
"Hora: 9:51:13	 - Temperatura: 32	 - Índice UV 1	 - Rango: 179"
"Hora: 9:51:14	 - Temperatura: 32	 - Índice UV 1	 - Rango: 140"
"Hora: 9:51:15	 - Temperatura: 32	 - Índice UV 0	 - Rango: 64"
"Hora: 9:51:16	 - Temperatura: 32	 - Índice UV 2	 - Rango: 218"
"Hora: 9:51:17	 - Temperatura: 32	 - Índice UV 2	 - Rango: 243"
"Hora: 9:51:18	 - Temperatura: 32	 - Índice UV 2	 - Rango: 217"
"Hora: 9:51:19	 - Temperatura: 32	 - Índice UV 2	 - Rango: 243"
"Hora: 9:51:20	 - Temperatura: 32	 - Índice UV 2	 - Rango: 243"
"Hora: 9:51:21	 - Temperatura: 32	 - Índice UV 0	 - Rango: 85"
"Hora: 9:51:22	 - Temperatura: 32	 - Índice UV 0	 - Rango: 65"
"Hora: 9:51:23	 - Temperatura: 32	 - Índice UV 2	 - Rango: 254"
"Hora: 9:51:24	 - Temperatura: 32	 - Índice UV 2	 - Rango: 248"
"Hora: 9:51:25	 - Temperatura: 32	 - Índice UV 0	 - Rango: 64"
"Hora: 9:51:26	 - Temperatura: 32	 - Índice UV 0	 - Rango: 57"
"Hora: 9:51:27	 - Temperatura: 32	 - Índice UV 0	 - Rango: 68"
"Hora: 9:51:28	 - Temperatura: 32	 - Índice UV 1	 - Rango: 163"
"Hora: 9:51:29	 - Temperatura: 32	 - Índice UV 1	 - Rango: 118"
"Hora: 9:51:30	 - Temperatura: 32	 - Índice UV 0	 - Rango: 68"
"Hora: 9:51:31	 - Temperatura: 32	 - Índice UV 2	 - Rango: 243"
"Hora: 9:51:32	 - Temperatura: 32	 - Índice UV 0	 - Rango: 65"
"Hora: 9:51:33	 - Temperatura: 32	 - Índice UV 1	 - Rango: 201"
"Hora: 9:51:34	 - Temperatura: 32	 - Índice UV 0	 - Rango: 56"
"Hora: 9:51:35	 - Temperatura: 32	 - Índice UV 0	 - Rango: 68"
"Hora: 9:51:36	 - Temperatura: 32	 - Índice UV 0	 - Rango: 56"
"Hora: 9:51:37	 - Temperatura: 32	 - Índice UV 1	 - Rango: 126"
"Hora: 9:51:38	 - Temperatura: 32	 - Índice UV 0	 - Rango: 60"
"Hora: 9:51:39	 - Temperatura: 32	 - Índice UV 0	 - Rango: 54"
"Hora: 9:51:40	 - Temperatura: 32	 - Índice UV 0	 - Rango: 62"
"Hora: 9:51:41	 - Temperatura: 32	 - Índice UV 0	 - Rango: 47"
"Hora: 9:51:42	 - Temperatura: 32	 - Índice UV 0	 - Rango: 67"
"Hora: 9:51:43	 - Temperatura: 32	 - Índice UV 2	 - Rango: 244"
"Hora: 9:51:44	 - Temperatura: 32	 - Índice UV 2	 - Rango: 252"
"Hora: 9:51:45	 - Temperatura: 32	 - Índice UV 0	 - Rango: 59"
"Hora: 9:51:46	 - Temperatura: 32	 - Índice UV 2	 - Rango: 249"
"Hora: 9:51:47	 - Temperatura: 32	 - Índice UV 2	 - Rango: 241"
"Hora: 9:51:48	 - Temperatura: 32	 - Índice UV 0	 - Rango: 53"
"Hora: 9:51:49	 - Temperatura: 32	 - Índice UV 2	 - Rango: 245"
"Hora: 9:51:50	 - Temperatura: 32	 - Índice UV 2	 - Rango: 244"
"Hora: 9:51:51	 - Temperatura: 32	 - Índice UV 2	 - Rango: 241"
"Hora: 9:51:52	 - Temperatura: 32	 - Índice UV 0	 - Rango: 69"
"Hora: 9:51:53	 - Temperatura: 32	 - Índice UV 2	 - Rango: 238"
"Hora: 9:51:54	 - Temperatura: 32	 - Índice UV 2	 - Rango: 244"
"Hora: 9:51:55	 - Temperatura: 32	 - Índice UV 2	 - Rango: 246"
"Hora: 9:51:56	 - Temperatura: 32	 - Índice UV 0	 - Rango: 60"
"Hora: 9:51:57	 - Temperatura: 32	 - Índice UV 0	 - Rango: 68"
"Hora: 9:51:58	 - Temperatura: 32	 - Índice UV 2	 - Rango: 215"
"Hora: 9:51:59	 - Temperatura: 32	 - Índice UV 0	 - Rango: 70"
"Hora: 9:52:0	 - Temperatura: 32	 - Índice UV 0	 - Rango: 63"
"Hora: 9:52:1	 - Temperatura: 32	 - Índice UV 0	 - Rango: 70"
"Hora: 9:52:2	 - Temperatura: 32	 - Índice UV 2	 - Rango: 251"
"Hora: 9:52:3	 - Temperatura: 32	 - Índice UV 2	 - Rango: 260"
"Hora: 9:52:4	 - Temperatura: 32	 - Índice UV 2	 - Rango: 257"
"Hora: 9:52:5	 - Temperatura: 32	 - Índice UV 2	 - Rango: 250"
"Hora: 9:52:6	 - Temperatura: 32	 - Índice UV 0	 - Rango: 62"
"Hora: 9:52:7	 - Temperatura: 32	 - Índice UV 2	 - Rango: 237"
"Hora: 9:52:8	 - Temperatura: 32	 - Índice UV 2	 - Rango: 245"
"Hora: 9:52:9	 - Temperatura: 32	 - Índice UV 2	 - Rango: 242"
"Hora: 9:52:11	 - Temperatura: 32	 - Índice UV 0	 - Rango: 85"
"Hora: 9:52:12	 - Temperatura: 32	 - Índice UV 2	 - Rango: 258"
"Hora: 9:52:13	 - Temperatura: 32	 - Índice UV 2	 - Rango: 251"
"Hora: 9:52:14	 - Temperatura: 32	 - Índice UV 2	 - Rango: 256"
"Hora: 9:52:15	 - Temperatura: 32	 - Índice UV 2	 - Rango: 254"
"Hora: 9:52:16	 - Temperatura: 32	 - Índice UV 2	 - Rango: 259"
"Hora: 9:52:17	 - Temperatura: 32	 - Índice UV 2	 - Rango: 248"
"Hora: 9:52:18	 - Temperatura: 32	 - Índice UV 2	 - Rango: 257"
"Hora: 9:52:19	 - Temperatura: 32	 - Índice UV 2	 - Rango: 251"
"Hora: 9:52:20	 - Temperatura: 32	 - Índice UV 2	 - Rango: 248"
"Hora: 9:52:21	 - Temperatura: 32	 - Índice UV 2	 - Rango: 265"
"Hora: 9:52:22	 - Temperatura: 32	 - Índice UV 2	 - Rango: 243"
"Hora: 9:52:23	 - Temperatura: 32	 - Índice UV 2	 - Rango: 268"
"Hora: 9:52:24	 - Temperatura: 32	 - Índice UV 2	 - Rango: 266"
"Hora: 9:52:25	 - Temperatura: 32	 - Índice UV 2	 - Rango: 269"
"Hora: 9:52:26	 - Temperatura: 32	 - Índice UV 2	 - Rango: 270"
"Hora: 9:52:27	 - Temperatura: 32	 - Índice UV 2	 - Rango: 268"
"Hora: 9:52:28	 - Temperatura: 32	 - Índice UV 2	 - Rango: 266"
"Hora: 9:52:29	 - Temperatura: 32	 - Índice UV 2	 - Rango: 261"
"Hora: 9:52:30	 - Temperatura: 32	 - Índice UV 2	 - Rango: 264"
"Hora: 9:52:31	 - Temperatura: 32	 - Índice UV 2	 - Rango: 263"
"Hora: 9:52:32	 - Temperatura: 32	 - Índice UV 2	 - Rango: 263"
"Hora: 9:52:33	 - Temperatura: 32	 - Índice UV 2	 - Rango: 268"
"Hora: 9:52:34	 - Temperatura: 32	 - Índice UV 2	 - Rango: 263"
"Hora: 9:52:35	 - Temperatura: 32	 - Índice UV 2	 - Rango: 260"
"Hora: 9:52:36	 - Temperatura: 32	 - Índice UV 2	 - Rango: 262"
"Hora: 9:52:37	 - Temperatura: 32	 - Índice UV 2	 - Rango: 260"
"Hora: 9:52:38	 - Temperatura: 32	 - Índice UV 2	 - Rango: 260"
"Hora: 9:52:39	 - Temperatura: 32	 - Índice UV 2	 - Rango: 267"
"Hora: 9:52:40	 - Temperatura: 32	 - Índice UV 2	 - Rango: 263"
"Hora: 9:52:41	 - Temperatura: 32	 - Índice UV 2	 - Rango: 265"
"Hora: 9:52:42	 - Temperatura: 32	 - Índice UV 2	 - Rango: 264"
"Hora: 9:52:43	 - Temperatura: 32	 - Índice UV 2	 - Rango: 265"
"Hora: 9:52:44	 - Temperatura: 32	 - Índice UV 2	 - Rango: 264"
"Hora: 9:52:45	 - Temperatura: 32	 - Índice UV 2	 - Rango: 258"
"Hora: 9:52:46	 - Temperatura: 32	 - Índice UV 2	 - Rango: 264"
"Hora: 9:52:47	 - Temperatura: 32	 - Índice UV 2	 - Rango: 266"
"Hora: 9:52:48	 - Temperatura: 32	 - Índice UV 2	 - Rango: 268"
"Hora: 9:52:49	 - Temperatura: 32	 - Índice UV 2	 - Rango: 265"
"Hora: 9:52:50	 - Temperatura: 32	 - Índice UV 2	 - Rango: 265"
"Hora: 9:52:51	 - Temperatura: 32	 - Índice UV 2	 - Rango: 270"
"Hora: 9:52:52	 - Temperatura: 32	 - Índice UV 2	 - Rango: 265"
"Hora: 9:52:53	 - Temperatura: 32	 - Índice UV 2	 - Rango: 265"
"Hora: 9:52:54	 - Temperatura: 32	 - Índice UV 2	 - Rango: 264"
"Hora: 9:52:55	 - Temperatura: 32	 - Índice UV 2	 - Rango: 266"
"Hora: 9:52:56	 - Temperatura: 32	 - Índice UV 2	 - Rango: 264"
"Hora: 9:52:57	 - Temperatura: 32	 - Índice UV 2	 - Rango: 265"
"Hora: 9:52:58	 - Temperatura: 32	 - Índice UV 2	 - Rango: 249"
"Hora: 9:52:59	 - Temperatura: 32	 - Índice UV 2	 - Rango: 264"
"Hora: 9:53:0	 - Temperatura: 32	 - Índice UV 2	 - Rango: 257"
"Hora: 9:53:1	 - Temperatura: 32	 - Índice UV 2	 - Rango: 268"
"Hora: 9:53:2	 - Temperatura: 32	 - Índice UV 2	 - Rango: 266"
"Hora: 9:53:3	 - Temperatura: 32	 - Índice UV 2	 - Rango: 243"
"Hora: 9:53:4	 - Temperatura: 32	 - Índice UV 2	 - Rango: 270"
"Hora: 9:53:5	 - Temperatura: 32	 - Índice UV 2	 - Rango: 269"
"Hora: 9:53:6	 - Temperatura: 32	 - Índice UV 2	 - Rango: 271"
"Hora: 9:53:7	 - Temperatura: 32	 - Índice UV 2	 - Rango: 272"
"Hora: 9:53:8	 - Temperatura: 32	 - Índice UV 2	 - Rango: 270"
"Hora: 9:53:9	 - Temperatura: 32	 - Índice UV 2	 - Rango: 269"
"Hora: 9:53:10	 - Temperatura: 32	 - Índice UV 2	 - Rango: 268"
"Hora: 9:53:11	 - Temperatura: 32	 - Índice UV 2	 - Rango: 270"
"Hora: 9:53:12	 - Temperatura: 32	 - Índice UV 2	 - Rango: 270"
"Hora: 9:53:13	 - Temperatura: 32	 - Índice UV 2	 - Rango: 269"
"Hora: 9:53:14	 - Temperatura: 32	 - Índice UV 2	 - Rango: 267"
"Hora: 9:53:15	 - Temperatura: 32	 - Índice UV 2	 - Rango: 269"
"Hora: 9:53:16	 - Temperatura: 32	 - Índice UV 2	 - Rango: 266"
"Hora: 9:53:17	 - Temperatura: 32	 - Índice UV 2	 - Rango: 267"
"Hora: 9:53:18	 - Temperatura: 32	 - Índice UV 2	 - Rango: 266"
"Hora: 9:53:19	 - Temperatura: 32	 - Índice UV 2	 - Rango: 268"
"Hora: 9:53:20	 - Temperatura: 32	 - Índice UV 2	 - Rango: 264"
"Hora: 9:53:21	 - Temperatura: 32	 - Índice UV 2	 - Rango: 265"
"Hora: 9:53:22	 - Temperatura: 32	 - Índice UV 2	 - Rango: 265"
"Hora: 9:53:23	 - Temperatura: 32	 - Índice UV 2	 - Rango: 264"
"Hora: 9:53:24	 - Temperatura: 32	 - Índice UV 2	 - Rango: 265"
"Hora: 9:53:25	 - Temperatura: 32	 - Índice UV 2	 - Rango: 265"
"Hora: 9:53:26	 - Temperatura: 32	 - Índice UV 2	 - Rango: 244"
"Hora: 9:53:27	 - Temperatura: 32	 - Índice UV 2	 - Rango: 264"
"Hora: 9:53:28	 - Temperatura: 32	 - Índice UV 2	 - Rango: 253"
"Hora: 9:53:29	 - Temperatura: 32	 - Índice UV 2	 - Rango: 267"
"Hora: 9:53:30	 - Temperatura: 32	 - Índice UV 2	 - Rango: 265"
"Hora: 9:53:31	 - Temperatura: 32	 - Índice UV 2	 - Rango: 268"
"Hora: 9:53:32	 - Temperatura: 32	 - Índice UV 2	 - Rango: 269"
"Hora: 9:53:33	 - Temperatura: 32	 - Índice UV 2	 - Rango: 269"
"Hora: 9:53:34	 - Temperatura: 32	 - Índice UV 2	 - Rango: 266"
"Hora: 9:53:35	 - Temperatura: 32	 - Índice UV 2	 - Rango: 262"
"Hora: 9:53:36	 - Temperatura: 32	 - Índice UV 2	 - Rango: 262"
"Hora: 9:53:37	 - Temperatura: 32	 - Índice UV 2	 - Rango: 264"
"Hora: 9:53:38	 - Temperatura: 32	 - Índice UV 2	 - Rango: 263"
"Hora: 9:53:39	 - Temperatura: 32	 - Índice UV 2	 - Rango: 265"
"Hora: 9:53:40	 - Temperatura: 32	 - Índice UV 2	 - Rango: 268"
"Hora: 9:53:42	 - Temperatura: 32	 - Índice UV 2	 - Rango: 265"
"Hora: 9:53:43	 - Temperatura: 32	 - Índice UV 2	 - Rango: 265"
"Hora: 9:53:44	 - Temperatura: 32	 - Índice UV 2	 - Rango: 266"
"Hora: 9:53:45	 - Temperatura: 32	 - Índice UV 2	 - Rango: 264"
"Hora: 9:53:46	 - Temperatura: 32	 - Índice UV 2	 - Rango: 266"
"Hora: 9:53:47	 - Temperatura: 32	 - Índice UV 2	 - Rango: 260"
"Hora: 9:53:48	 - Temperatura: 32	 - Índice UV 2	 - Rango: 265"
"Hora: 9:53:49	 - Temperatura: 32	 - Índice UV 2	 - Rango: 263"
"Hora: 9:53:50	 - Temperatura: 32	 - Índice UV 2	 - Rango: 263"
"Hora: 9:53:51	 - Temperatura: 32	 - Índice UV 2	 - Rango: 266"
"Hora: 9:53:52	 - Temperatura: 32	 - Índice UV 2	 - Rango: 266"
"Hora: 9:53:53	 - Temperatura: 32	 - Índice UV 2	 - Rango: 263"
"Hora: 9:53:54	 - Temperatura: 32	 - Índice UV 2	 - Rango: 264"
"Hora: 9:53:55	 - Temperatura: 32	 - Índice UV 2	 - Rango: 263"
"Hora: 9:53:56	 - Temperatura: 32	 - Índice UV 2	 - Rango: 266"
"Hora: 9:53:57	 - Temperatura: 32	 - Índice UV 2	 - Rango: 265"
"Hora: 9:53:58	 - Temperatura: 32	 - Índice UV 2	 - Rango: 264"
"Hora: 9:53:59	 - Temperatura: 32	 - Índice UV 2	 - Rango: 264"
"Hora: 9:54:0	 - Temperatura: 32	 - Índice UV 2	 - Rango: 263"
"Hora: 9:54:1	 - Temperatura: 32	 - Índice UV 2	 - Rango: 267"
"Hora: 9:54:2	 - Temperatura: 32	 - Índice UV 2	 - Rango: 266"
"Hora: 9:54:3	 - Temperatura: 32	 - Índice UV 2	 - Rango: 265"
"Hora: 9:54:4	 - Temperatura: 32	 - Índice UV 2	 - Rango: 265"
"Hora: 9:54:5	 - Temperatura: 32	 - Índice UV 2	 - Rango: 266"
"Hora: 9:54:6	 - Temperatura: 32	 - Índice UV 2	 - Rango: 264"
"Hora: 9:54:7	 - Temperatura: 32	 - Índice UV 2	 - Rango: 266"
"Hora: 9:54:8	 - Temperatura: 32	 - Índice UV 2	 - Rango: 265"
"Hora: 9:54:9	 - Temperatura: 32	 - Índice UV 2	 - Rango: 268"
"Hora: 9:54:10	 - Temperatura: 32	 - Índice UV 2	 - Rango: 269"
"Hora: 9:54:11	 - Temperatura: 32	 - Índice UV 2	 - Rango: 268"
"Hora: 9:54:12	 - Temperatura: 32	 - Índice UV 2	 - Rango: 268"
"Hora: 9:54:13	 - Temperatura: 32	 - Índice UV 2	 - Rango: 266"
"Hora: 9:54:14	 - Temperatura: 32	 - Índice UV 2	 - Rango: 266"
"Hora: 9:54:15	 - Temperatura: 32	 - Índice UV 2	 - Rango: 267"
"Hora: 9:54:16	 - Temperatura: 32	 - Índice UV 2	 - Rango: 267"
"Hora: 9:54:17	 - Temperatura: 32	 - Índice UV 2	 - Rango: 267"
"Hora: 9:54:18	 - Temperatura: 32	 - Índice UV 2	 - Rango: 256"
"Hora: 9:54:19	 - Temperatura: 32	 - Índice UV 2	 - Rango: 270"
"Hora: 9:54:20	 - Temperatura: 32	 - Índice UV 2	 - Rango: 224"
"Hora: 9:54:21	 - Temperatura: 32	 - Índice UV 2	 - Rango: 236"
"Hora: 9:54:22	 - Temperatura: 32	 - Índice UV 2	 - Rango: 252"
"Hora: 9:54:23	 - Temperatura: 32	 - Índice UV 2	 - Rango: 257"
"Hora: 9:54:24	 - Temperatura: 32	 - Índice UV 2	 - Rango: 268"
"Hora: 9:54:25	 - Temperatura: 32	 - Índice UV 2	 - Rango: 267"
"Hora: 9:54:26	 - Temperatura: 32	 - Índice UV 2	 - Rango: 255"
"Hora: 9:54:27	 - Temperatura: 32	 - Índice UV 2	 - Rango: 250"
"Hora: 9:54:28	 - Temperatura: 32	 - Índice UV 2	 - Rango: 244"
"Hora: 9:54:29	 - Temperatura: 32	 - Índice UV 2	 - Rango: 235"
"Hora: 9:54:30	 - Temperatura: 32	 - Índice UV 2	 - Rango: 234"
"Hora: 9:54:31	 - Temperatura: 32	 - Índice UV 2	 - Rango: 230"
"Hora: 9:54:32	 - Temperatura: 32	 - Índice UV 2	 - Rango: 242"
"Hora: 9:54:33	 - Temperatura: 32	 - Índice UV 1	 - Rango: 111"
"Hora: 9:54:34	 - Temperatura: 32	 - Índice UV 2	 - Rango: 223"
"Hora: 9:54:35	 - Temperatura: 32	 - Índice UV 2	 - Rango: 240"
"Hora: 9:54:36	 - Temperatura: 32	 - Índice UV 2	 - Rango: 246"
"Hora: 9:54:37	 - Temperatura: 32	 - Índice UV 2	 - Rango: 238"
"Hora: 9:54:38	 - Temperatura: 32	 - Índice UV 2	 - Rango: 245"
"Hora: 9:54:39	 - Temperatura: 32	 - Índice UV 2	 - Rango: 228"
"Hora: 9:54:40	 - Temperatura: 32	 - Índice UV 2	 - Rango: 225"
"Hora: 9:54:41	 - Temperatura: 32	 - Índice UV 2	 - Rango: 227"
"Hora: 9:54:42	 - Temperatura: 32	 - Índice UV 2	 - Rango: 225"
"Hora: 9:54:43	 - Temperatura: 32	 - Índice UV 2	 - Rango: 270"
"Hora: 9:54:44	 - Temperatura: 32	 - Índice UV 2	 - Rango: 268"
"Hora: 9:54:45	 - Temperatura: 32	 - Índice UV 2	 - Rango: 271"
"Hora: 9:54:46	 - Temperatura: 32	 - Índice UV 2	 - Rango: 269"
"Hora: 9:54:47	 - Temperatura: 32	 - Índice UV 2	 - Rango: 270"
"Hora: 9:54:48	 - Temperatura: 32	 - Índice UV 2	 - Rango: 267"
"Hora: 9:54:49	 - Temperatura: 32	 - Índice UV 2	 - Rango: 252"
"Hora: 9:54:50	 - Temperatura: 32	 - Índice UV 2	 - Rango: 270"
"Hora: 9:54:51	 - Temperatura: 32	 - Índice UV 2	 - Rango: 259"
"Hora: 9:54:52	 - Temperatura: 32	 - Índice UV 2	 - Rango: 250"
"Hora: 9:54:53	 - Temperatura: 32	 - Índice UV 2	 - Rango: 248"
"Hora: 9:54:54	 - Temperatura: 32	 - Índice UV 2	 - Rango: 240"
"Hora: 9:54:55	 - Temperatura: 32	 - Índice UV 2	 - Rango: 245"
"Hora: 9:54:56	 - Temperatura: 32	 - Índice UV 2	 - Rango: 238"
"Hora: 9:54:57	 - Temperatura: 32	 - Índice UV 2	 - Rango: 215"
"Hora: 9:54:58	 - Temperatura: 32	 - Índice UV 2	 - Rango: 228"
"Hora: 9:54:59	 - Temperatura: 32	 - Índice UV 2	 - Rango: 221"
"Hora: 9:55:0	 - Temperatura: 32	 - Índice UV 2	 - Rango: 241"
"Hora: 9:55:1	 - Temperatura: 32	 - Índice UV 2	 - Rango: 260"
"Hora: 9:55:2	 - Temperatura: 32	 - Índice UV 2	 - Rango: 250"
"Hora: 9:55:3	 - Temperatura: 32	 - Índice UV 2	 - Rango: 231"
"Hora: 9:55:4	 - Temperatura: 32	 - Índice UV 2	 - Rango: 224"
"Hora: 9:55:5	 - Temperatura: 32	 - Índice UV 2	 - Rango: 230"
"Hora: 9:55:6	 - Temperatura: 32	 - Índice UV 2	 - Rango: 241"
"Hora: 9:55:7	 - Temperatura: 32	 - Índice UV 2	 - Rango: 238"
"Hora: 9:55:8	 - Temperatura: 32	 - Índice UV 2	 - Rango: 240"
"Hora: 9:55:9	 - Temperatura: 32	 - Índice UV 2	 - Rango: 252"
"Hora: 9:55:10	 - Temperatura: 32	 - Índice UV 2	 - Rango: 247"
"Hora: 9:55:11	 - Temperatura: 32	 - Índice UV 2	 - Rango: 250"
"Hora: 9:55:13	 - Temperatura: 32	 - Índice UV 2	 - Rango: 244"
"Hora: 9:55:14	 - Temperatura: 32	 - Índice UV 2	 - Rango: 240"
"Hora: 9:55:15	 - Temperatura: 32	 - Índice UV 2	 - Rango: 236"
"Hora: 9:55:16	 - Temperatura: 32	 - Índice UV 2	 - Rango: 231"
"Hora: 9:55:17	 - Temperatura: 32	 - Índice UV 2	 - Rango: 233"
"Hora: 9:55:18	 - Temperatura: 32	 - Índice UV 2	 - Rango: 238"
"Hora: 9:55:19	 - Temperatura: 32	 - Índice UV 2	 - Rango: 241"
"Hora: 9:55:20	 - Temperatura: 32	 - Índice UV 2	 - Rango: 240"
"Hora: 9:55:21	 - Temperatura: 32	 - Índice UV 2	 - Rango: 242"
"Hora: 9:55:22	 - Temperatura: 32	 - Índice UV 2	 - Rango: 246"
"Hora: 9:55:23	 - Temperatura: 32	 - Índice UV 2	 - Rango: 246"
"Hora: 9:55:24	 - Temperatura: 32	 - Índice UV 2	 - Rango: 245"
"Hora: 9:55:25	 - Temperatura: 32	 - Índice UV 2	 - Rango: 233"
"Hora: 9:55:26	 - Temperatura: 32	 - Índice UV 2	 - Rango: 252"
"Hora: 9:55:27	 - Temperatura: 32	 - Índice UV 2	 - Rango: 245"
"Hora: 9:55:28	 - Temperatura: 32	 - Índice UV 2	 - Rango: 242"
"Hora: 9:55:29	 - Temperatura: 32	 - Índice UV 2	 - Rango: 242"
"Hora: 9:55:30	 - Temperatura: 32	 - Índice UV 2	 - Rango: 243"
"Hora: 9:55:31	 - Temperatura: 32	 - Índice UV 2	 - Rango: 242"
"Hora: 9:55:32	 - Temperatura: 32	 - Índice UV 2	 - Rango: 242"
"Hora: 9:55:33	 - Temperatura: 32	 - Índice UV 2	 - Rango: 242"
"Hora: 9:55:34	 - Temperatura: 32	 - Índice UV 2	 - Rango: 221"
"Hora: 9:55:35	 - Temperatura: 32	 - Índice UV 2	 - Rango: 235"
"Hora: 9:55:36	 - Temperatura: 32	 - Índice UV 2	 - Rango: 245"
"Hora: 9:55:37	 - Temperatura: 32	 - Índice UV 2	 - Rango: 217"
"Hora: 9:55:38	 - Temperatura: 32	 - Índice UV 2	 - Rango: 243"
"Hora: 9:55:39	 - Temperatura: 32	 - Índice UV 2	 - Rango: 219"
"Hora: 9:55:40	 - Temperatura: 32	 - Índice UV 2	 - Rango: 244"
"Hora: 9:55:41	 - Temperatura: 32	 - Índice UV 2	 - Rango: 247"
"Hora: 9:55:42	 - Temperatura: 32	 - Índice UV 0	 - Rango: 63"
"Hora: 9:55:43	 - Temperatura: 32	 - Índice UV 2	 - Rango: 228"
"Hora: 9:55:44	 - Temperatura: 32	 - Índice UV 2	 - Rango: 228"
"Hora: 9:55:45	 - Temperatura: 32	 - Índice UV 2	 - Rango: 229"
"Hora: 9:55:46	 - Temperatura: 32	 - Índice UV 2	 - Rango: 230"
"Hora: 9:55:47	 - Temperatura: 32	 - Índice UV 2	 - Rango: 229"
"Hora: 9:55:48	 - Temperatura: 32	 - Índice UV 2	 - Rango: 237"
"Hora: 9:55:49	 - Temperatura: 32	 - Índice UV 2	 - Rango: 240"
"Hora: 9:55:50	 - Temperatura: 32	 - Índice UV 2	 - Rango: 236"
"Hora: 9:55:51	 - Temperatura: 32	 - Índice UV 2	 - Rango: 217"
"Hora: 9:55:52	 - Temperatura: 32	 - Índice UV 2	 - Rango: 237"
"Hora: 9:55:53	 - Temperatura: 32	 - Índice UV 2	 - Rango: 240"
"Hora: 9:55:54	 - Temperatura: 32	 - Índice UV 2	 - Rango: 234"
"Hora: 9:55:55	 - Temperatura: 32	 - Índice UV 2	 - Rango: 237"
"Hora: 9:55:56	 - Temperatura: 32	 - Índice UV 2	 - Rango: 239"
"Hora: 9:55:57	 - Temperatura: 32	 - Índice UV 2	 - Rango: 219"
"Hora: 9:55:58	 - Temperatura: 32	 - Índice UV 2	 - Rango: 237"
"Hora: 9:55:59	 - Temperatura: 32	 - Índice UV 2	 - Rango: 241"
"Hora: 9:56:0	 - Temperatura: 32	 - Índice UV 2	 - Rango: 237"
"Hora: 9:56:1	 - Temperatura: 32	 - Índice UV 2	 - Rango: 238"
"Hora: 9:56:2	 - Temperatura: 32	 - Índice UV 2	 - Rango: 237"
"Hora: 9:56:3	 - Temperatura: 32	 - Índice UV 2	 - Rango: 239"
"Hora: 9:56:4	 - Temperatura: 32	 - Índice UV 2	 - Rango: 229"
"Hora: 9:56:5	 - Temperatura: 32	 - Índice UV 2	 - Rango: 232"
"Hora: 9:56:6	 - Temperatura: 32	 - Índice UV 1	 - Rango: 143"
"Hora: 9:56:7	 - Temperatura: 32	 - Índice UV 2	 - Rango: 235"
"Hora: 9:56:8	 - Temperatura: 32	 - Índice UV 2	 - Rango: 228"
"Hora: 9:56:9	 - Temperatura: 32	 - Índice UV 2	 - Rango: 235"
"Hora: 9:56:10	 - Temperatura: 32	 - Índice UV 2	 - Rango: 238"
"Hora: 9:56:11	 - Temperatura: 32	 - Índice UV 2	 - Rango: 227"
"Hora: 9:56:12	 - Temperatura: 32	 - Índice UV 2	 - Rango: 233"
"Hora: 9:56:13	 - Temperatura: 32	 - Índice UV 2	 - Rango: 235"
"Hora: 9:56:14	 - Temperatura: 32	 - Índice UV 2	 - Rango: 234"
"Hora: 9:56:15	 - Temperatura: 32	 - Índice UV 2	 - Rango: 234"
"Hora: 9:56:16	 - Temperatura: 32	 - Índice UV 2	 - Rango: 235"
"Hora: 9:56:17	 - Temperatura: 32	 - Índice UV 2	 - Rango: 233"
"Hora: 9:56:18	 - Temperatura: 32	 - Índice UV 2	 - Rango: 234"
"Hora: 9:56:19	 - Temperatura: 32	 - Índice UV 2	 - Rango: 234"
"Hora: 9:56:20	 - Temperatura: 32	 - Índice UV 1	 - Rango: 199"
"Hora: 9:56:21	 - Temperatura: 32	 - Índice UV 2	 - Rango: 239"
"Hora: 9:56:22	 - Temperatura: 32	 - Índice UV 2	 - Rango: 206"
"Hora: 9:56:23	 - Temperatura: 32	 - Índice UV 2	 - Rango: 230"
"Hora: 9:56:24	 - Temperatura: 32	 - Índice UV 2	 - Rango: 230"
"Hora: 9:56:25	 - Temperatura: 32	 - Índice UV 2	 - Rango: 225"
"Hora: 9:56:26	 - Temperatura: 32	 - Índice UV 2	 - Rango: 228"
"Hora: 9:56:27	 - Temperatura: 32	 - Índice UV 2	 - Rango: 229"
"Hora: 9:56:28	 - Temperatura: 32	 - Índice UV 2	 - Rango: 229"
"Hora: 9:56:29	 - Temperatura: 32	 - Índice UV 2	 - Rango: 230"
"Hora: 9:56:30	 - Temperatura: 32	 - Índice UV 2	 - Rango: 231"
"Hora: 9:56:31	 - Temperatura: 32	 - Índice UV 2	 - Rango: 233"
"Hora: 9:56:32	 - Temperatura: 32	 - Índice UV 2	 - Rango: 235"
"Hora: 9:56:33	 - Temperatura: 32	 - Índice UV 2	 - Rango: 232"
"Hora: 9:56:34	 - Temperatura: 32	 - Índice UV 1	 - Rango: 189"
"Hora: 9:56:35	 - Temperatura: 32	 - Índice UV 2	 - Rango: 209"
"Hora: 9:56:36	 - Temperatura: 32	 - Índice UV 2	 - Rango: 257"
"Hora: 9:56:37	 - Temperatura: 32	 - Índice UV 2	 - Rango: 249"
"Hora: 9:56:38	 - Temperatura: 32	 - Índice UV 2	 - Rango: 250"
"Hora: 9:56:39	 - Temperatura: 32	 - Índice UV 2	 - Rango: 244"
"Hora: 9:56:40	 - Temperatura: 32	 - Índice UV 2	 - Rango: 250"
"Hora: 9:56:41	 - Temperatura: 32	 - Índice UV 2	 - Rango: 250"
"Hora: 9:56:42	 - Temperatura: 32	 - Índice UV 2	 - Rango: 250"
"Hora: 9:56:44	 - Temperatura: 32	 - Índice UV 2	 - Rango: 248"
"Hora: 9:56:45	 - Temperatura: 32	 - Índice UV 2	 - Rango: 247"
"Hora: 9:56:46	 - Temperatura: 32	 - Índice UV 2	 - Rango: 246"
"Hora: 9:56:47	 - Temperatura: 32	 - Índice UV 2	 - Rango: 247"
"Hora: 9:56:48	 - Temperatura: 32	 - Índice UV 2	 - Rango: 246"
"Hora: 9:56:49	 - Temperatura: 32	 - Índice UV 2	 - Rango: 247"
"Hora: 9:56:50	 - Temperatura: 32	 - Índice UV 2	 - Rango: 243"
"Hora: 9:56:51	 - Temperatura: 32	 - Índice UV 2	 - Rango: 246"
"Hora: 9:56:52	 - Temperatura: 32	 - Índice UV 2	 - Rango: 245"
"Hora: 9:56:53	 - Temperatura: 32	 - Índice UV 2	 - Rango: 226"
"Hora: 9:56:54	 - Temperatura: 32	 - Índice UV 2	 - Rango: 244"
"Hora: 9:56:55	 - Temperatura: 32	 - Índice UV 2	 - Rango: 246"
"Hora: 9:56:56	 - Temperatura: 32	 - Índice UV 2	 - Rango: 250"
"Hora: 9:56:57	 - Temperatura: 32	 - Índice UV 2	 - Rango: 246"
"Hora: 9:56:58	 - Temperatura: 32	 - Índice UV 2	 - Rango: 241"
"Hora: 9:56:59	 - Temperatura: 32	 - Índice UV 2	 - Rango: 242"
"Hora: 9:57:0	 - Temperatura: 32	 - Índice UV 2	 - Rango: 246"
"Hora: 9:57:1	 - Temperatura: 32	 - Índice UV 2	 - Rango: 244"
"Hora: 9:57:2	 - Temperatura: 32	 - Índice UV 2	 - Rango: 227"
"Hora: 9:57:3	 - Temperatura: 32	 - Índice UV 1	 - Rango: 131"
"Hora: 9:57:4	 - Temperatura: 32	 - Índice UV 2	 - Rango: 221"
"Hora: 9:57:5	 - Temperatura: 32	 - Índice UV 0	 - Rango: 66"
"Hora: 9:57:6	 - Temperatura: 32	 - Índice UV 0	 - Rango: 68"
"Hora: 9:57:7	 - Temperatura: 32	 - Índice UV 1	 - Rango: 158"
"Hora: 9:57:8	 - Temperatura: 32	 - Índice UV 0	 - Rango: 74"
"Hora: 9:57:9	 - Temperatura: 32	 - Índice UV 2	 - Rango: 243"
"Hora: 9:57:10	 - Temperatura: 32	 - Índice UV 2	 - Rango: 248"
"Hora: 9:57:11	 - Temperatura: 32	 - Índice UV 2	 - Rango: 254"
"Hora: 9:57:12	 - Temperatura: 32	 - Índice UV 2	 - Rango: 255"
"Hora: 9:57:13	 - Temperatura: 32	 - Índice UV 2	 - Rango: 257"
"Hora: 9:57:14	 - Temperatura: 32	 - Índice UV 2	 - Rango: 263"
"Hora: 9:57:15	 - Temperatura: 32	 - Índice UV 2	 - Rango: 254"
"Hora: 9:57:16	 - Temperatura: 32	 - Índice UV 2	 - Rango: 231"
"Hora: 9:57:17	 - Temperatura: 32	 - Índice UV 2	 - Rango: 234"
"Hora: 9:57:18	 - Temperatura: 32	 - Índice UV 2	 - Rango: 227"
"Hora: 9:57:19	 - Temperatura: 32	 - Índice UV 2	 - Rango: 238"
"Hora: 9:57:20	 - Temperatura: 32	 - Índice UV 2	 - Rango: 219"
"Hora: 9:57:21	 - Temperatura: 32	 - Índice UV 2	 - Rango: 250"
"Hora: 9:57:22	 - Temperatura: 32	 - Índice UV 2	 - Rango: 241"
"Hora: 9:57:23	 - Temperatura: 32	 - Índice UV 2	 - Rango: 244"
"Hora: 9:57:24	 - Temperatura: 32	 - Índice UV 2	 - Rango: 231"
"Hora: 9:57:25	 - Temperatura: 32	 - Índice UV 2	 - Rango: 243"
"Hora: 9:57:26	 - Temperatura: 32	 - Índice UV 2	 - Rango: 250"
"Hora: 9:57:27	 - Temperatura: 32	 - Índice UV 2	 - Rango: 248"
"Hora: 9:57:28	 - Temperatura: 32	 - Índice UV 2	 - Rango: 243"
"Hora: 9:57:29	 - Temperatura: 32	 - Índice UV 2	 - Rango: 248"
"Hora: 9:57:30	 - Temperatura: 32	 - Índice UV 2	 - Rango: 214"
"Hora: 9:57:31	 - Temperatura: 32	 - Índice UV 2	 - Rango: 244"
"Hora: 9:57:32	 - Temperatura: 32	 - Índice UV 2	 - Rango: 256"
"Hora: 9:57:33	 - Temperatura: 32	 - Índice UV 2	 - Rango: 248"
"Hora: 9:57:34	 - Temperatura: 32	 - Índice UV 2	 - Rango: 241"
"Hora: 9:57:35	 - Temperatura: 32	 - Índice UV 2	 - Rango: 246"
"Hora: 9:57:36	 - Temperatura: 32	 - Índice UV 2	 - Rango: 241"
"Hora: 9:57:37	 - Temperatura: 32	 - Índice UV 2	 - Rango: 241"
"Hora: 9:57:38	 - Temperatura: 32	 - Índice UV 2	 - Rango: 234"
"Hora: 9:57:39	 - Temperatura: 32	 - Índice UV 2	 - Rango: 239"
"Hora: 9:57:40	 - Temperatura: 32	 - Índice UV 2	 - Rango: 237"
"Hora: 9:57:41	 - Temperatura: 32	 - Índice UV 2	 - Rango: 236"
"Hora: 9:57:42	 - Temperatura: 32	 - Índice UV 2	 - Rango: 235"
"Hora: 9:57:43	 - Temperatura: 32	 - Índice UV 2	 - Rango: 235"
"Hora: 9:57:44	 - Temperatura: 32	 - Índice UV 2	 - Rango: 243"
"Hora: 9:57:45	 - Temperatura: 32	 - Índice UV 2	 - Rango: 245"
"Hora: 9:57:46	 - Temperatura: 32	 - Índice UV 2	 - Rango: 233"
"Hora: 9:57:47	 - Temperatura: 32	 - Índice UV 2	 - Rango: 235"
"Hora: 9:57:48	 - Temperatura: 32	 - Índice UV 2	 - Rango: 228"
"Hora: 9:57:49	 - Temperatura: 32	 - Índice UV 2	 - Rango: 243"
"Hora: 9:57:50	 - Temperatura: 32	 - Índice UV 2	 - Rango: 237"
"Hora: 9:57:51	 - Temperatura: 32	 - Índice UV 2	 - Rango: 245"
"Hora: 9:57:52	 - Temperatura: 32	 - Índice UV 2	 - Rango: 254"
"Hora: 9:57:53	 - Temperatura: 32	 - Índice UV 2	 - Rango: 250"
"Hora: 9:57:54	 - Temperatura: 32	 - Índice UV 2	 - Rango: 251"
"Hora: 9:57:55	 - Temperatura: 32	 - Índice UV 2	 - Rango: 241"
"Hora: 9:57:56	 - Temperatura: 32	 - Índice UV 2	 - Rango: 232"
"Hora: 9:57:57	 - Temperatura: 32	 - Índice UV 2	 - Rango: 246"
"Hora: 9:57:58	 - Temperatura: 32	 - Índice UV 2	 - Rango: 260"
"Hora: 9:57:59	 - Temperatura: 32	 - Índice UV 2	 - Rango: 264"
"Hora: 9:58:0	 - Temperatura: 32	 - Índice UV 2	 - Rango: 247"
"Hora: 9:58:1	 - Temperatura: 32	 - Índice UV 2	 - Rango: 246"
"Hora: 9:58:2	 - Temperatura: 32	 - Índice UV 2	 - Rango: 226"
"Hora: 9:58:3	 - Temperatura: 32	 - Índice UV 2	 - Rango: 235"
"Hora: 9:58:4	 - Temperatura: 32	 - Índice UV 2	 - Rango: 232"
"Hora: 9:58:5	 - Temperatura: 32	 - Índice UV 2	 - Rango: 221"
"Hora: 9:58:6	 - Temperatura: 32	 - Índice UV 2	 - Rango: 225"
"Hora: 9:58:7	 - Temperatura: 32	 - Índice UV 2	 - Rango: 251"
"Hora: 9:58:8	 - Temperatura: 32	 - Índice UV 2	 - Rango: 240"
"Hora: 9:58:9	 - Temperatura: 32	 - Índice UV 2	 - Rango: 260"
"Hora: 9:58:10	 - Temperatura: 32	 - Índice UV 2	 - Rango: 226"
"Hora: 9:58:11	 - Temperatura: 32	 - Índice UV 1	 - Rango: 202"
"Hora: 9:58:12	 - Temperatura: 32	 - Índice UV 2	 - Rango: 209"
"Hora: 9:58:13	 - Temperatura: 32	 - Índice UV 2	 - Rango: 237"
"Hora: 9:58:15	 - Temperatura: 32	 - Índice UV 2	 - Rango: 236"
"Hora: 9:58:16	 - Temperatura: 32	 - Índice UV 2	 - Rango: 231"
"Hora: 9:58:17	 - Temperatura: 32	 - Índice UV 0	 - Rango: 59"
"Hora: 9:58:18	 - Temperatura: 32	 - Índice UV 0	 - Rango: 65"
"Hora: 9:58:19	 - Temperatura: 32	 - Índice UV 0	 - Rango: 59"
"Hora: 9:58:20	 - Temperatura: 32	 - Índice UV 0	 - Rango: 51"
"Hora: 9:58:21	 - Temperatura: 32	 - Índice UV 2	 - Rango: 246"
"Hora: 9:58:22	 - Temperatura: 32	 - Índice UV 2	 - Rango: 231"
"Hora: 9:58:23	 - Temperatura: 32	 - Índice UV 0	 - Rango: 65"
"Hora: 9:58:24	 - Temperatura: 32	 - Índice UV 0	 - Rango: 87"
"Hora: 9:58:25	 - Temperatura: 32	 - Índice UV 2	 - Rango: 227"
"Hora: 9:58:26	 - Temperatura: 32	 - Índice UV 2	 - Rango: 224"
"Hora: 9:58:27	 - Temperatura: 32	 - Índice UV 0	 - Rango: 67"
"Hora: 9:58:28	 - Temperatura: 32	 - Índice UV 2	 - Rango: 210"
"Hora: 9:58:29	 - Temperatura: 32	 - Índice UV 2	 - Rango: 214"
"Hora: 9:58:30	 - Temperatura: 32	 - Índice UV 0	 - Rango: 66"
"Hora: 9:58:31	 - Temperatura: 32	 - Índice UV 0	 - Rango: 67"
"Hora: 9:58:32	 - Temperatura: 32	 - Índice UV 0	 - Rango: 69"
"Hora: 9:58:33	 - Temperatura: 32	 - Índice UV 0	 - Rango: 67"
"Hora: 9:58:34	 - Temperatura: 32	 - Índice UV 0	 - Rango: 69"
"Hora: 9:58:35	 - Temperatura: 32	 - Índice UV 0	 - Rango: 66"
"Hora: 9:58:36	 - Temperatura: 32	 - Índice UV 2	 - Rango: 223"
"Hora: 9:58:37	 - Temperatura: 32	 - Índice UV 2	 - Rango: 247"
"Hora: 9:58:38	 - Temperatura: 32	 - Índice UV 2	 - Rango: 245"
"Hora: 9:58:39	 - Temperatura: 32	 - Índice UV 2	 - Rango: 220"
"Hora: 9:58:40	 - Temperatura: 32	 - Índice UV 2	 - Rango: 217"
"Hora: 9:58:41	 - Temperatura: 32	 - Índice UV 0	 - Rango: 50"
"Hora: 9:58:42	 - Temperatura: 32	 - Índice UV 2	 - Rango: 237"
"Hora: 9:58:43	 - Temperatura: 32	 - Índice UV 2	 - Rango: 248"
"Hora: 9:58:44	 - Temperatura: 32	 - Índice UV 2	 - Rango: 252"
"Hora: 9:58:45	 - Temperatura: 32	 - Índice UV 2	 - Rango: 249"
"Hora: 9:58:46	 - Temperatura: 32	 - Índice UV 2	 - Rango: 226"
"Hora: 9:58:47	 - Temperatura: 32	 - Índice UV 2	 - Rango: 207"
"Hora: 9:58:48	 - Temperatura: 32	 - Índice UV 2	 - Rango: 247"
"Hora: 9:58:49	 - Temperatura: 32	 - Índice UV 2	 - Rango: 248"
"Hora: 9:58:50	 - Temperatura: 32	 - Índice UV 2	 - Rango: 244"
"Hora: 9:58:51	 - Temperatura: 32	 - Índice UV 2	 - Rango: 224"
"Hora: 9:58:52	 - Temperatura: 32	 - Índice UV 2	 - Rango: 224"
"Hora: 9:58:53	 - Temperatura: 32	 - Índice UV 2	 - Rango: 229"
"Hora: 9:58:54	 - Temperatura: 32	 - Índice UV 2	 - Rango: 250"
"Hora: 9:58:55	 - Temperatura: 32	 - Índice UV 2	 - Rango: 254"
"Hora: 9:58:56	 - Temperatura: 32	 - Índice UV 2	 - Rango: 240"
"Hora: 9:58:57	 - Temperatura: 32	 - Índice UV 2	 - Rango: 250"
"Hora: 9:58:58	 - Temperatura: 32	 - Índice UV 2	 - Rango: 240"
"Hora: 9:58:59	 - Temperatura: 32	 - Índice UV 2	 - Rango: 242"
"Hora: 9:59:0	 - Temperatura: 32	 - Índice UV 2	 - Rango: 257"
"Hora: 9:59:1	 - Temperatura: 32	 - Índice UV 2	 - Rango: 265"
"Hora: 9:59:2	 - Temperatura: 32	 - Índice UV 2	 - Rango: 260"
"Hora: 9:59:3	 - Temperatura: 32	 - Índice UV 2	 - Rango: 233"
"Hora: 9:59:4	 - Temperatura: 32	 - Índice UV 2	 - Rango: 262"
"Hora: 9:59:5	 - Temperatura: 32	 - Índice UV 2	 - Rango: 246"
"Hora: 9:59:6	 - Temperatura: 32	 - Índice UV 2	 - Rango: 222"
"Hora: 9:59:7	 - Temperatura: 32	 - Índice UV 1	 - Rango: 181"
"Hora: 9:59:8	 - Temperatura: 32	 - Índice UV 0	 - Rango: 67"
"Hora: 9:59:9	 - Temperatura: 32	 - Índice UV 2	 - Rango: 247"
"Hora: 9:59:10	 - Temperatura: 32	 - Índice UV 0	 - Rango: 53"
"Hora: 9:59:11	 - Temperatura: 32	 - Índice UV 2	 - Rango: 259"
"Hora: 9:59:12	 - Temperatura: 32	 - Índice UV 1	 - Rango: 149"
"Hora: 9:59:13	 - Temperatura: 32	 - Índice UV 0	 - Rango: 87"
"Hora: 9:59:14	 - Temperatura: 32	 - Índice UV 1	 - Rango: 111"
"Hora: 9:59:15	 - Temperatura: 32	 - Índice UV 1	 - Rango: 103"
"Hora: 9:59:16	 - Temperatura: 32	 - Índice UV 1	 - Rango: 119"
"Hora: 9:59:17	 - Temperatura: 32	 - Índice UV 2	 - Rango: 251"
"Hora: 9:59:18	 - Temperatura: 32	 - Índice UV 2	 - Rango: 249"
"Hora: 9:59:19	 - Temperatura: 32	 - Índice UV 2	 - Rango: 246"
"Hora: 9:59:20	 - Temperatura: 32	 - Índice UV 2	 - Rango: 250"
"Hora: 9:59:21	 - Temperatura: 32	 - Índice UV 2	 - Rango: 208"
"Hora: 9:59:22	 - Temperatura: 32	 - Índice UV 2	 - Rango: 205"
"Hora: 9:59:23	 - Temperatura: 32	 - Índice UV 1	 - Rango: 189"
"Hora: 9:59:24	 - Temperatura: 32	 - Índice UV 0	 - Rango: 14"
"Hora: 9:59:25	 - Temperatura: 32	 - Índice UV 0	 - Rango: 21"
"Hora: 9:59:26	 - Temperatura: 32	 - Índice UV 0	 - Rango: 37"
"Hora: 9:59:27	 - Temperatura: 32	 - Índice UV 0	 - Rango: 22"
"Hora: 9:59:28	 - Temperatura: 32	 - Índice UV 1	 - Rango: 166"
"Hora: 9:59:29	 - Temperatura: 32	 - Índice UV 2	 - Rango: 229"
"Hora: 9:59:30	 - Temperatura: 32	 - Índice UV 2	 - Rango: 229"
"Hora: 9:59:31	 - Temperatura: 32	 - Índice UV 1	 - Rango: 201"
"Hora: 9:59:32	 - Temperatura: 32	 - Índice UV 1	 - Rango: 150"
"Hora: 9:59:33	 - Temperatura: 32	 - Índice UV 1	 - Rango: 104"
"Hora: 9:59:34	 - Temperatura: 32	 - Índice UV 0	 - Rango: 59"
"Hora: 9:59:35	 - Temperatura: 32	 - Índice UV 0	 - Rango: 58"
"Hora: 9:59:36	 - Temperatura: 32	 - Índice UV 2	 - Rango: 217"
"Hora: 9:59:37	 - Temperatura: 32	 - Índice UV 0	 - Rango: 46"
"Hora: 9:59:38	 - Temperatura: 32	 - Índice UV 0	 - Rango: 53"
"Hora: 9:59:39	 - Temperatura: 32	 - Índice UV 1	 - Rango: 196"
"Hora: 9:59:40	 - Temperatura: 32	 - Índice UV 1	 - Rango: 196"
"Hora: 9:59:41	 - Temperatura: 32	 - Índice UV 2	 - Rango: 215"
"Hora: 9:59:42	 - Temperatura: 32	 - Índice UV 0	 - Rango: 47"
"Hora: 9:59:43	 - Temperatura: 32	 - Índice UV 2	 - Rango: 212"
"Hora: 9:59:44	 - Temperatura: 32	 - Índice UV 1	 - Rango: 198"
"Hora: 9:59:46	 - Temperatura: 32	 - Índice UV 0	 - Rango: 50"
"Hora: 9:59:47	 - Temperatura: 32	 - Índice UV 0	 - Rango: 64"
"Hora: 9:59:48	 - Temperatura: 32	 - Índice UV 0	 - Rango: 57"
"Hora: 9:59:49	 - Temperatura: 32	 - Índice UV 2	 - Rango: 233"
"Hora: 9:59:50	 - Temperatura: 32	 - Índice UV 2	 - Rango: 243"
"Hora: 9:59:51	 - Temperatura: 32	 - Índice UV 2	 - Rango: 230"
"Hora: 9:59:52	 - Temperatura: 32	 - Índice UV 2	 - Rango: 232"
"Hora: 9:59:53	 - Temperatura: 32	 - Índice UV 2	 - Rango: 232"
"Hora: 9:59:54	 - Temperatura: 32	 - Índice UV 2	 - Rango: 233"
"Hora: 9:59:55	 - Temperatura: 32	 - Índice UV 2	 - Rango: 229"
"Hora: 9:59:56	 - Temperatura: 32	 - Índice UV 2	 - Rango: 218"
"Hora: 9:59:57	 - Temperatura: 32	 - Índice UV 2	 - Rango: 228"
"Hora: 9:59:58	 - Temperatura: 32	 - Índice UV 2	 - Rango: 222"
"Hora: 9:59:59	 - Temperatura: 32	 - Índice UV 2	 - Rango: 227"
"Hora: 10:0:0	 - Temperatura: 32	 - Índice UV 2	 - Rango: 226"
"Hora: 10:0:1	 - Temperatura: 32	 - Índice UV 2	 - Rango: 214"
"Hora: 10:0:2	 - Temperatura: 32	 - Índice UV 2	 - Rango: 226"
"Hora: 10:0:3	 - Temperatura: 32	 - Índice UV 2	 - Rango: 222"
"Hora: 10:0:4	 - Temperatura: 32	 - Índice UV 0	 - Rango: 57"
"Hora: 10:0:5	 - Temperatura: 32	 - Índice UV 2	 - Rango: 236"
"Hora: 10:0:6	 - Temperatura: 32	 - Índice UV 2	 - Rango: 246"
"Hora: 10:0:7	 - Temperatura: 32	 - Índice UV 2	 - Rango: 234"
"Hora: 10:0:8	 - Temperatura: 32	 - Índice UV 2	 - Rango: 254"
"Hora: 10:0:9	 - Temperatura: 32	 - Índice UV 0	 - Rango: 77"
"Hora: 10:0:10	 - Temperatura: 32	 - Índice UV 2	 - Rango: 258"
"Hora: 10:0:11	 - Temperatura: 32	 - Índice UV 2	 - Rango: 264"
"Hora: 10:0:12	 - Temperatura: 32	 - Índice UV 2	 - Rango: 262"
"Hora: 10:0:13	 - Temperatura: 32	 - Índice UV 2	 - Rango: 258"
"Hora: 10:0:14	 - Temperatura: 32	 - Índice UV 2	 - Rango: 263"
"Hora: 10:0:15	 - Temperatura: 32	 - Índice UV 2	 - Rango: 254"
"Hora: 10:0:16	 - Temperatura: 32	 - Índice UV 0	 - Rango: 100"
"Hora: 10:0:17	 - Temperatura: 32	 - Índice UV 2	 - Rango: 253"
"Hora: 10:0:18	 - Temperatura: 32	 - Índice UV 2	 - Rango: 230"
"Hora: 10:0:19	 - Temperatura: 32	 - Índice UV 2	 - Rango: 247"
"Hora: 10:0:20	 - Temperatura: 32	 - Índice UV 2	 - Rango: 257"
"Hora: 10:0:21	 - Temperatura: 32	 - Índice UV 2	 - Rango: 258"
"Hora: 10:0:22	 - Temperatura: 32	 - Índice UV 2	 - Rango: 233"
"Hora: 10:0:23	 - Temperatura: 32	 - Índice UV 2	 - Rango: 256"
"Hora: 10:0:24	 - Temperatura: 32	 - Índice UV 2	 - Rango: 244"
"Hora: 10:0:25	 - Temperatura: 32	 - Índice UV 2	 - Rango: 259"
"Hora: 10:0:26	 - Temperatura: 32	 - Índice UV 2	 - Rango: 257"
"Hora: 10:0:27	 - Temperatura: 32	 - Índice UV 2	 - Rango: 259"
"Hora: 10:0:28	 - Temperatura: 32	 - Índice UV 2	 - Rango: 266"
"Hora: 10:0:29	 - Temperatura: 32	 - Índice UV 2	 - Rango: 266"
"Hora: 10:0:30	 - Temperatura: 32	 - Índice UV 2	 - Rango: 266"
"Hora: 10:0:31	 - Temperatura: 32	 - Índice UV 2	 - Rango: 266"
"Hora: 10:0:32	 - Temperatura: 32	 - Índice UV 2	 - Rango: 265"
"Hora: 10:0:33	 - Temperatura: 32	 - Índice UV 2	 - Rango: 260"
"Hora: 10:0:34	 - Temperatura: 32	 - Índice UV 2	 - Rango: 269"
"Hora: 10:0:35	 - Temperatura: 32	 - Índice UV 2	 - Rango: 258"
"Hora: 10:0:36	 - Temperatura: 32	 - Índice UV 2	 - Rango: 254"
"Hora: 10:0:37	 - Temperatura: 32	 - Índice UV 2	 - Rango: 267"
"Hora: 10:0:38	 - Temperatura: 32	 - Índice UV 2	 - Rango: 265"
"Hora: 10:0:39	 - Temperatura: 32	 - Índice UV 2	 - Rango: 258"
"Hora: 10:0:40	 - Temperatura: 32	 - Índice UV 2	 - Rango: 265"
"Hora: 10:0:41	 - Temperatura: 32	 - Índice UV 2	 - Rango: 268"
"Hora: 10:0:42	 - Temperatura: 32	 - Índice UV 2	 - Rango: 267"
"Hora: 10:0:43	 - Temperatura: 32	 - Índice UV 2	 - Rango: 262"
"Hora: 10:0:44	 - Temperatura: 32	 - Índice UV 1	 - Rango: 184"
"Hora: 10:0:45	 - Temperatura: 32	 - Índice UV 2	 - Rango: 252"
"Hora: 10:0:46	 - Temperatura: 32	 - Índice UV 0	 - Rango: 79"
"Hora: 10:0:47	 - Temperatura: 32	 - Índice UV 0	 - Rango: 70"
"Hora: 10:0:48	 - Temperatura: 32	 - Índice UV 0	 - Rango: 78"
"Hora: 10:0:49	 - Temperatura: 32	 - Índice UV 1	 - Rango: 185"
"Hora: 10:0:50	 - Temperatura: 32	 - Índice UV 0	 - Rango: 74"
"Hora: 10:0:51	 - Temperatura: 32	 - Índice UV 2	 - Rango: 267"
"Hora: 10:0:52	 - Temperatura: 32	 - Índice UV 2	 - Rango: 255"
"Hora: 10:0:53	 - Temperatura: 32	 - Índice UV 2	 - Rango: 277"
"Hora: 10:0:54	 - Temperatura: 32	 - Índice UV 2	 - Rango: 267"
"Hora: 10:0:55	 - Temperatura: 32	 - Índice UV 2	 - Rango: 252"
"Hora: 10:0:56	 - Temperatura: 32	 - Índice UV 2	 - Rango: 255"
"Hora: 10:0:57	 - Temperatura: 32	 - Índice UV 2	 - Rango: 270"
"Hora: 10:0:58	 - Temperatura: 32	 - Índice UV 2	 - Rango: 273"
"Hora: 10:0:59	 - Temperatura: 32	 - Índice UV 2	 - Rango: 275"
"Hora: 10:1:0	 - Temperatura: 32	 - Índice UV 2	 - Rango: 273"
"Hora: 10:1:1	 - Temperatura: 32	 - Índice UV 2	 - Rango: 271"
"Hora: 10:1:2	 - Temperatura: 32	 - Índice UV 2	 - Rango: 273"
"Hora: 10:1:3	 - Temperatura: 32	 - Índice UV 2	 - Rango: 270"
"Hora: 10:1:4	 - Temperatura: 32	 - Índice UV 2	 - Rango: 269"
"Hora: 10:1:5	 - Temperatura: 32	 - Índice UV 2	 - Rango: 276"
"Hora: 10:1:6	 - Temperatura: 32	 - Índice UV 2	 - Rango: 267"
"Hora: 10:1:7	 - Temperatura: 32	 - Índice UV 2	 - Rango: 246"
"Hora: 10:1:8	 - Temperatura: 32	 - Índice UV 2	 - Rango: 272"
"Hora: 10:1:9	 - Temperatura: 32	 - Índice UV 2	 - Rango: 239"
"Hora: 10:1:10	 - Temperatura: 32	 - Índice UV 2	 - Rango: 268"
"Hora: 10:1:11	 - Temperatura: 32	 - Índice UV 2	 - Rango: 269"
"Hora: 10:1:12	 - Temperatura: 32	 - Índice UV 2	 - Rango: 268"
"Hora: 10:1:13	 - Temperatura: 32	 - Índice UV 2	 - Rango: 250"
"Hora: 10:1:14	 - Temperatura: 32	 - Índice UV 2	 - Rango: 269"
"Hora: 10:1:15	 - Temperatura: 32	 - Índice UV 2	 - Rango: 253"
"Hora: 10:1:17	 - Temperatura: 32	 - Índice UV 2	 - Rango: 257"
"Hora: 10:1:18	 - Temperatura: 32	 - Índice UV 2	 - Rango: 259"
"Hora: 10:1:19	 - Temperatura: 32	 - Índice UV 2	 - Rango: 259"
"Hora: 10:1:20	 - Temperatura: 32	 - Índice UV 2	 - Rango: 233"
"Hora: 10:1:21	 - Temperatura: 32	 - Índice UV 2	 - Rango: 260"
"Hora: 10:1:22	 - Temperatura: 32	 - Índice UV 2	 - Rango: 258"
"Hora: 10:1:23	 - Temperatura: 32	 - Índice UV 2	 - Rango: 248"
"Hora: 10:1:24	 - Temperatura: 32	 - Índice UV 1	 - Rango: 140"
"Hora: 10:1:25	 - Temperatura: 32	 - Índice UV 2	 - Rango: 255"
"Hora: 10:1:26	 - Temperatura: 32	 - Índice UV 2	 - Rango: 272"
"Hora: 10:1:27	 - Temperatura: 32	 - Índice UV 2	 - Rango: 271"
"Hora: 10:1:28	 - Temperatura: 32	 - Índice UV 2	 - Rango: 277"
"Hora: 10:1:29	 - Temperatura: 32	 - Índice UV 2	 - Rango: 276"
"Hora: 10:1:30	 - Temperatura: 32	 - Índice UV 2	 - Rango: 267"
"Hora: 10:1:31	 - Temperatura: 32	 - Índice UV 2	 - Rango: 271"
"Hora: 10:1:32	 - Temperatura: 32	 - Índice UV 2	 - Rango: 252"
"Hora: 10:1:33	 - Temperatura: 32	 - Índice UV 2	 - Rango: 267"
"Hora: 10:1:34	 - Temperatura: 32	 - Índice UV 2	 - Rango: 266"
"Hora: 10:1:35	 - Temperatura: 32	 - Índice UV 2	 - Rango: 262"
"Hora: 10:1:36	 - Temperatura: 32	 - Índice UV 2	 - Rango: 266"
"Hora: 10:1:37	 - Temperatura: 32	 - Índice UV 2	 - Rango: 266"
"Hora: 10:1:38	 - Temperatura: 32	 - Índice UV 2	 - Rango: 263"
"Hora: 10:1:39	 - Temperatura: 32	 - Índice UV 2	 - Rango: 258"
"Hora: 10:1:40	 - Temperatura: 32	 - Índice UV 2	 - Rango: 262"
"Hora: 10:1:41	 - Temperatura: 32	 - Índice UV 2	 - Rango: 259"
"Hora: 10:1:42	 - Temperatura: 32	 - Índice UV 2	 - Rango: 266"
"Hora: 10:1:43	 - Temperatura: 32	 - Índice UV 2	 - Rango: 247"
"Hora: 10:1:44	 - Temperatura: 32	 - Índice UV 2	 - Rango: 276"
"Hora: 10:1:45	 - Temperatura: 32	 - Índice UV 2	 - Rango: 283"
"Hora: 10:1:46	 - Temperatura: 32	 - Índice UV 2	 - Rango: 278"
"Hora: 10:1:47	 - Temperatura: 32	 - Índice UV 2	 - Rango: 261"
"Hora: 10:1:48	 - Temperatura: 32	 - Índice UV 2	 - Rango: 280"
"Hora: 10:1:49	 - Temperatura: 32	 - Índice UV 2	 - Rango: 276"
"Hora: 10:1:50	 - Temperatura: 32	 - Índice UV 2	 - Rango: 272"
"Hora: 10:1:51	 - Temperatura: 32	 - Índice UV 2	 - Rango: 274"
"Hora: 10:1:52	 - Temperatura: 32	 - Índice UV 2	 - Rango: 273"
"Hora: 10:1:53	 - Temperatura: 32	 - Índice UV 2	 - Rango: 271"
"Hora: 10:1:54	 - Temperatura: 32	 - Índice UV 2	 - Rango: 269"
"Hora: 10:1:55	 - Temperatura: 32	 - Índice UV 2	 - Rango: 264"
"Hora: 10:1:56	 - Temperatura: 32	 - Índice UV 2	 - Rango: 263"
"Hora: 10:1:57	 - Temperatura: 32	 - Índice UV 2	 - Rango: 269"
"Hora: 10:1:58	 - Temperatura: 32	 - Índice UV 2	 - Rango: 261"
"Hora: 10:1:59	 - Temperatura: 32	 - Índice UV 2	 - Rango: 262"
"Hora: 10:2:0	 - Temperatura: 32	 - Índice UV 2	 - Rango: 261"
"Hora: 10:2:1	 - Temperatura: 32	 - Índice UV 2	 - Rango: 262"
"Hora: 10:2:2	 - Temperatura: 32	 - Índice UV 2	 - Rango: 239"
"Hora: 10:2:3	 - Temperatura: 32	 - Índice UV 2	 - Rango: 264"
"Hora: 10:2:4	 - Temperatura: 32	 - Índice UV 2	 - Rango: 265"
"Hora: 10:2:5	 - Temperatura: 32	 - Índice UV 2	 - Rango: 267"
"Hora: 10:2:6	 - Temperatura: 32	 - Índice UV 2	 - Rango: 265"
"Hora: 10:2:7	 - Temperatura: 32	 - Índice UV 2	 - Rango: 267"
"Hora: 10:2:8	 - Temperatura: 32	 - Índice UV 2	 - Rango: 262"
"Hora: 10:2:9	 - Temperatura: 32	 - Índice UV 2	 - Rango: 262"
"Hora: 10:2:10	 - Temperatura: 32	 - Índice UV 2	 - Rango: 255"
"Hora: 10:2:11	 - Temperatura: 32	 - Índice UV 2	 - Rango: 263"
"Hora: 10:2:12	 - Temperatura: 32	 - Índice UV 2	 - Rango: 260"
"Hora: 10:2:13	 - Temperatura: 32	 - Índice UV 2	 - Rango: 257"
"Hora: 10:2:14	 - Temperatura: 32	 - Índice UV 2	 - Rango: 252"
"Hora: 10:2:15	 - Temperatura: 32	 - Índice UV 2	 - Rango: 246"
"Hora: 10:2:16	 - Temperatura: 32	 - Índice UV 2	 - Rango: 249"
"Hora: 10:2:17	 - Temperatura: 32	 - Índice UV 2	 - Rango: 248"
"Hora: 10:2:18	 - Temperatura: 32	 - Índice UV 2	 - Rango: 241"
"Hora: 10:2:19	 - Temperatura: 32	 - Índice UV 2	 - Rango: 233"
"Hora: 10:2:20	 - Temperatura: 32	 - Índice UV 2	 - Rango: 234"
"Hora: 10:2:21	 - Temperatura: 32	 - Índice UV 2	 - Rango: 243"
"Hora: 10:2:22	 - Temperatura: 32	 - Índice UV 2	 - Rango: 205"
"Hora: 10:2:23	 - Temperatura: 32	 - Índice UV 2	 - Rango: 219"
"Hora: 10:2:24	 - Temperatura: 32	 - Índice UV 2	 - Rango: 238"
"Hora: 10:2:25	 - Temperatura: 32	 - Índice UV 2	 - Rango: 206"
"Hora: 10:2:26	 - Temperatura: 32	 - Índice UV 1	 - Rango: 177"
"Hora: 10:2:27	 - Temperatura: 32	 - Índice UV 2	 - Rango: 223"
"Hora: 10:2:28	 - Temperatura: 32	 - Índice UV 1	 - Rango: 203"
"Hora: 10:2:29	 - Temperatura: 32	 - Índice UV 2	 - Rango: 210"
"Hora: 10:2:30	 - Temperatura: 32	 - Índice UV 2	 - Rango: 214"
"Hora: 10:2:31	 - Temperatura: 32	 - Índice UV 1	 - Rango: 196"
"Hora: 10:2:32	 - Temperatura: 32	 - Índice UV 1	 - Rango: 200"
"Hora: 10:2:33	 - Temperatura: 32	 - Índice UV 2	 - Rango: 206"
"Hora: 10:2:34	 - Temperatura: 32	 - Índice UV 1	 - Rango: 202"
"Hora: 10:2:35	 - Temperatura: 32	 - Índice UV 1	 - Rango: 189"
"Hora: 10:2:36	 - Temperatura: 32	 - Índice UV 2	 - Rango: 216"
"Hora: 10:2:37	 - Temperatura: 32	 - Índice UV 1	 - Rango: 204"
"Hora: 10:2:38	 - Temperatura: 32	 - Índice UV 2	 - Rango: 205"
"Hora: 10:2:39	 - Temperatura: 32	 - Índice UV 2	 - Rango: 217"
"Hora: 10:2:40	 - Temperatura: 32	 - Índice UV 2	 - Rango: 210"
"Hora: 10:2:41	 - Temperatura: 32	 - Índice UV 1	 - Rango: 201"
"Hora: 10:2:42	 - Temperatura: 32	 - Índice UV 1	 - Rango: 199"
"Hora: 10:2:43	 - Temperatura: 32	 - Índice UV 1	 - Rango: 181"
"Hora: 10:2:44	 - Temperatura: 32	 - Índice UV 1	 - Rango: 195"
"Hora: 10:2:45	 - Temperatura: 32	 - Índice UV 1	 - Rango: 200"
"Hora: 10:2:46	 - Temperatura: 32	 - Índice UV 2	 - Rango: 205"
"Hora: 10:2:48	 - Temperatura: 32	 - Índice UV 1	 - Rango: 200"
"Hora: 10:2:49	 - Temperatura: 32	 - Índice UV 2	 - Rango: 210"
"Hora: 10:2:50	 - Temperatura: 32	 - Índice UV 1	 - Rango: 166"
"Hora: 10:2:51	 - Temperatura: 32	 - Índice UV 2	 - Rango: 209"
"Hora: 10:2:52	 - Temperatura: 32	 - Índice UV 1	 - Rango: 191"
"Hora: 10:2:53	 - Temperatura: 32	 - Índice UV 2	 - Rango: 208"
"Hora: 10:2:54	 - Temperatura: 32	 - Índice UV 2	 - Rango: 211"
"Hora: 10:2:55	 - Temperatura: 32	 - Índice UV 2	 - Rango: 213"
"Hora: 10:2:56	 - Temperatura: 32	 - Índice UV 2	 - Rango: 214"
"Hora: 10:2:57	 - Temperatura: 32	 - Índice UV 2	 - Rango: 226"
"Hora: 10:2:58	 - Temperatura: 32	 - Índice UV 2	 - Rango: 224"
"Hora: 10:2:59	 - Temperatura: 32	 - Índice UV 2	 - Rango: 229"
"Hora: 10:3:0	 - Temperatura: 32	 - Índice UV 2	 - Rango: 237"
"Hora: 10:3:1	 - Temperatura: 32	 - Índice UV 2	 - Rango: 211"
"Hora: 10:3:2	 - Temperatura: 32	 - Índice UV 2	 - Rango: 234"
"Hora: 10:3:3	 - Temperatura: 32	 - Índice UV 2	 - Rango: 233"
"Hora: 10:3:4	 - Temperatura: 32	 - Índice UV 2	 - Rango: 226"
"Hora: 10:3:5	 - Temperatura: 32	 - Índice UV 2	 - Rango: 216"
"Hora: 10:3:6	 - Temperatura: 32	 - Índice UV 2	 - Rango: 240"
"Hora: 10:3:7	 - Temperatura: 32	 - Índice UV 2	 - Rango: 234"
"Hora: 10:3:8	 - Temperatura: 32	 - Índice UV 2	 - Rango: 238"
"Hora: 10:3:9	 - Temperatura: 32	 - Índice UV 2	 - Rango: 226"
"Hora: 10:3:10	 - Temperatura: 32	 - Índice UV 1	 - Rango: 203"
"Hora: 10:3:11	 - Temperatura: 32	 - Índice UV 2	 - Rango: 210"
"Hora: 10:3:12	 - Temperatura: 32	 - Índice UV 2	 - Rango: 207"
"Hora: 10:3:13	 - Temperatura: 32	 - Índice UV 2	 - Rango: 205"
"Hora: 10:3:14	 - Temperatura: 32	 - Índice UV 2	 - Rango: 220"
"Hora: 10:3:15	 - Temperatura: 32	 - Índice UV 2	 - Rango: 234"
"Hora: 10:3:16	 - Temperatura: 32	 - Índice UV 2	 - Rango: 209"
"Hora: 10:3:17	 - Temperatura: 32	 - Índice UV 2	 - Rango: 211"
"Hora: 10:3:18	 - Temperatura: 32	 - Índice UV 2	 - Rango: 221"
"Hora: 10:3:19	 - Temperatura: 32	 - Índice UV 1	 - Rango: 202"
"Hora: 10:3:20	 - Temperatura: 32	 - Índice UV 1	 - Rango: 194"
"Hora: 10:3:21	 - Temperatura: 32	 - Índice UV 2	 - Rango: 221"
"Hora: 10:3:22	 - Temperatura: 32	 - Índice UV 2	 - Rango: 217"
"Hora: 10:3:23	 - Temperatura: 32	 - Índice UV 2	 - Rango: 239"
"Hora: 10:3:24	 - Temperatura: 32	 - Índice UV 2	 - Rango: 235"
"Hora: 10:3:25	 - Temperatura: 32	 - Índice UV 2	 - Rango: 239"
"Hora: 10:3:26	 - Temperatura: 32	 - Índice UV 2	 - Rango: 243"
"Hora: 10:3:27	 - Temperatura: 32	 - Índice UV 2	 - Rango: 245"
"Hora: 10:3:28	 - Temperatura: 32	 - Índice UV 2	 - Rango: 236"
"Hora: 10:3:29	 - Temperatura: 32	 - Índice UV 2	 - Rango: 251"
"Hora: 10:3:30	 - Temperatura: 32	 - Índice UV 2	 - Rango: 244"
"Hora: 10:3:31	 - Temperatura: 32	 - Índice UV 2	 - Rango: 250"
"Hora: 10:3:32	 - Temperatura: 32	 - Índice UV 2	 - Rango: 249"
"Hora: 10:3:33	 - Temperatura: 32	 - Índice UV 2	 - Rango: 236"
"Hora: 10:3:34	 - Temperatura: 32	 - Índice UV 2	 - Rango: 253"
"Hora: 10:3:35	 - Temperatura: 32	 - Índice UV 2	 - Rango: 250"
"Hora: 10:3:36	 - Temperatura: 32	 - Índice UV 2	 - Rango: 247"
"Hora: 10:3:37	 - Temperatura: 32	 - Índice UV 2	 - Rango: 244"
"Hora: 10:3:38	 - Temperatura: 32	 - Índice UV 2	 - Rango: 245"
"Hora: 10:3:39	 - Temperatura: 32	 - Índice UV 2	 - Rango: 252"
"Hora: 10:3:40	 - Temperatura: 32	 - Índice UV 2	 - Rango: 258"
"Hora: 10:3:41	 - Temperatura: 32	 - Índice UV 2	 - Rango: 246"
"Hora: 10:3:42	 - Temperatura: 32	 - Índice UV 2	 - Rango: 220"
"Hora: 10:3:43	 - Temperatura: 32	 - Índice UV 2	 - Rango: 239"
"Hora: 10:3:44	 - Temperatura: 32	 - Índice UV 2	 - Rango: 232"
"Hora: 10:3:45	 - Temperatura: 32	 - Índice UV 2	 - Rango: 229"
"Hora: 10:3:46	 - Temperatura: 32	 - Índice UV 2	 - Rango: 231"
"Hora: 10:3:47	 - Temperatura: 32	 - Índice UV 1	 - Rango: 202"
"Hora: 10:3:48	 - Temperatura: 32	 - Índice UV 2	 - Rango: 220"
"Hora: 10:3:49	 - Temperatura: 32	 - Índice UV 2	 - Rango: 250"
"Hora: 10:3:50	 - Temperatura: 32	 - Índice UV 2	 - Rango: 218"
"Hora: 10:3:51	 - Temperatura: 32	 - Índice UV 2	 - Rango: 232"
"Hora: 10:3:52	 - Temperatura: 32	 - Índice UV 2	 - Rango: 242"
"Hora: 10:3:53	 - Temperatura: 32	 - Índice UV 2	 - Rango: 232"
"Hora: 10:3:54	 - Temperatura: 32	 - Índice UV 2	 - Rango: 239"
"Hora: 10:3:55	 - Temperatura: 32	 - Índice UV 2	 - Rango: 241"
"Hora: 10:3:56	 - Temperatura: 32	 - Índice UV 2	 - Rango: 228"
"Hora: 10:3:57	 - Temperatura: 32	 - Índice UV 2	 - Rango: 249"
"Hora: 10:3:58	 - Temperatura: 32	 - Índice UV 2	 - Rango: 238"
"Hora: 10:3:59	 - Temperatura: 32	 - Índice UV 2	 - Rango: 237"
"Hora: 10:4:0	 - Temperatura: 32	 - Índice UV 2	 - Rango: 240"
"Hora: 10:4:1	 - Temperatura: 32	 - Índice UV 2	 - Rango: 251"
"Hora: 10:4:2	 - Temperatura: 32	 - Índice UV 2	 - Rango: 243"
"Hora: 10:4:3	 - Temperatura: 32	 - Índice UV 2	 - Rango: 243"
"Hora: 10:4:4	 - Temperatura: 32	 - Índice UV 2	 - Rango: 240"
"Hora: 10:4:5	 - Temperatura: 32	 - Índice UV 2	 - Rango: 243"
"Hora: 10:4:6	 - Temperatura: 32	 - Índice UV 2	 - Rango: 230"
"Hora: 10:4:7	 - Temperatura: 32	 - Índice UV 2	 - Rango: 251"
"Hora: 10:4:8	 - Temperatura: 32	 - Índice UV 2	 - Rango: 256"
"Hora: 10:4:9	 - Temperatura: 32	 - Índice UV 2	 - Rango: 252"
"Hora: 10:4:10	 - Temperatura: 32	 - Índice UV 2	 - Rango: 251"
"Hora: 10:4:11	 - Temperatura: 32	 - Índice UV 2	 - Rango: 253"
"Hora: 10:4:12	 - Temperatura: 32	 - Índice UV 2	 - Rango: 245"
"Hora: 10:4:13	 - Temperatura: 32	 - Índice UV 2	 - Rango: 257"
"Hora: 10:4:14	 - Temperatura: 32	 - Índice UV 2	 - Rango: 252"
"Hora: 10:4:15	 - Temperatura: 32	 - Índice UV 2	 - Rango: 256"
"Hora: 10:4:16	 - Temperatura: 32	 - Índice UV 2	 - Rango: 256"
"Hora: 10:4:17	 - Temperatura: 32	 - Índice UV 2	 - Rango: 251"
"Hora: 10:4:19	 - Temperatura: 32	 - Índice UV 2	 - Rango: 258"
"Hora: 10:4:20	 - Temperatura: 32	 - Índice UV 2	 - Rango: 241"
"Hora: 10:4:21	 - Temperatura: 32	 - Índice UV 2	 - Rango: 250"
"Hora: 10:4:22	 - Temperatura: 32	 - Índice UV 2	 - Rango: 254"
"Hora: 10:4:23	 - Temperatura: 32	 - Índice UV 2	 - Rango: 249"
"Hora: 10:4:24	 - Temperatura: 32	 - Índice UV 2	 - Rango: 237"
"Hora: 10:4:25	 - Temperatura: 32	 - Índice UV 2	 - Rango: 246"
"Hora: 10:4:26	 - Temperatura: 32	 - Índice UV 2	 - Rango: 225"
"Hora: 10:4:27	 - Temperatura: 32	 - Índice UV 2	 - Rango: 245"
"Hora: 10:4:28	 - Temperatura: 32	 - Índice UV 2	 - Rango: 248"
"Hora: 10:4:29	 - Temperatura: 32	 - Índice UV 2	 - Rango: 238"
"Hora: 10:4:30	 - Temperatura: 32	 - Índice UV 2	 - Rango: 228"
"Hora: 10:4:31	 - Temperatura: 32	 - Índice UV 2	 - Rango: 250"
"Hora: 10:4:32	 - Temperatura: 32	 - Índice UV 2	 - Rango: 238"
"Hora: 10:4:33	 - Temperatura: 32	 - Índice UV 2	 - Rango: 235"
"Hora: 10:4:34	 - Temperatura: 32	 - Índice UV 2	 - Rango: 250"
"Hora: 10:4:35	 - Temperatura: 32	 - Índice UV 2	 - Rango: 237"
"Hora: 10:4:36	 - Temperatura: 32	 - Índice UV 2	 - Rango: 235"
"Hora: 10:4:37	 - Temperatura: 32	 - Índice UV 2	 - Rango: 240"
"Hora: 10:4:38	 - Temperatura: 32	 - Índice UV 2	 - Rango: 246"
"Hora: 10:4:39	 - Temperatura: 32	 - Índice UV 2	 - Rango: 242"
"Hora: 10:4:40	 - Temperatura: 32	 - Índice UV 2	 - Rango: 242"
"Hora: 10:4:41	 - Temperatura: 32	 - Índice UV 2	 - Rango: 240"
"Hora: 10:4:42	 - Temperatura: 32	 - Índice UV 2	 - Rango: 243"
"Hora: 10:4:43	 - Temperatura: 32	 - Índice UV 2	 - Rango: 215"
"Hora: 10:4:44	 - Temperatura: 32	 - Índice UV 2	 - Rango: 246"
"Hora: 10:4:45	 - Temperatura: 32	 - Índice UV 2	 - Rango: 225"
"Hora: 10:4:46	 - Temperatura: 32	 - Índice UV 1	 - Rango: 204"
"Hora: 10:4:47	 - Temperatura: 32	 - Índice UV 2	 - Rango: 237"
"Hora: 10:4:48	 - Temperatura: 32	 - Índice UV 2	 - Rango: 232"
"Hora: 10:4:49	 - Temperatura: 32	 - Índice UV 2	 - Rango: 207"
"Hora: 10:4:50	 - Temperatura: 32	 - Índice UV 2	 - Rango: 236"
"Hora: 10:4:51	 - Temperatura: 32	 - Índice UV 2	 - Rango: 237"
"Hora: 10:4:52	 - Temperatura: 32	 - Índice UV 2	 - Rango: 231"
"Hora: 10:4:53	 - Temperatura: 32	 - Índice UV 2	 - Rango: 212"
"Hora: 10:4:54	 - Temperatura: 32	 - Índice UV 2	 - Rango: 231"
"Hora: 10:4:55	 - Temperatura: 32	 - Índice UV 2	 - Rango: 231"
"Hora: 10:4:56	 - Temperatura: 32	 - Índice UV 2	 - Rango: 233"
"Hora: 10:4:57	 - Temperatura: 32	 - Índice UV 2	 - Rango: 235"
"Hora: 10:4:58	 - Temperatura: 32	 - Índice UV 2	 - Rango: 221"
"Hora: 10:4:59	 - Temperatura: 32	 - Índice UV 2	 - Rango: 222"
"Hora: 10:5:0	 - Temperatura: 32	 - Índice UV 2	 - Rango: 219"
"Hora: 10:5:1	 - Temperatura: 32	 - Índice UV 1	 - Rango: 194"
"Hora: 10:5:2	 - Temperatura: 32	 - Índice UV 2	 - Rango: 207"
"Hora: 10:5:3	 - Temperatura: 32	 - Índice UV 2	 - Rango: 227"
"Hora: 10:5:4	 - Temperatura: 32	 - Índice UV 2	 - Rango: 218"
"Hora: 10:5:5	 - Temperatura: 32	 - Índice UV 2	 - Rango: 214"
"Hora: 10:5:6	 - Temperatura: 32	 - Índice UV 1	 - Rango: 168"
"Hora: 10:5:7	 - Temperatura: 32	 - Índice UV 1	 - Rango: 181"
"Hora: 10:5:8	 - Temperatura: 32	 - Índice UV 1	 - Rango: 190"
"Hora: 10:5:9	 - Temperatura: 32	 - Índice UV 1	 - Rango: 172"
"Hora: 10:5:10	 - Temperatura: 32	 - Índice UV 1	 - Rango: 196"
"Hora: 10:5:11	 - Temperatura: 32	 - Índice UV 1	 - Rango: 165"
"Hora: 10:5:12	 - Temperatura: 32	 - Índice UV 1	 - Rango: 173"
"Hora: 10:5:13	 - Temperatura: 32	 - Índice UV 2	 - Rango: 213"
"Hora: 10:5:14	 - Temperatura: 32	 - Índice UV 1	 - Rango: 195"
"Hora: 10:5:15	 - Temperatura: 32	 - Índice UV 1	 - Rango: 162"
"Hora: 10:5:16	 - Temperatura: 32	 - Índice UV 2	 - Rango: 214"
"Hora: 10:5:17	 - Temperatura: 32	 - Índice UV 2	 - Rango: 209"
"Hora: 10:5:18	 - Temperatura: 32	 - Índice UV 1	 - Rango: 180"
"Hora: 10:5:19	 - Temperatura: 32	 - Índice UV 1	 - Rango: 172"
"Hora: 10:5:20	 - Temperatura: 32	 - Índice UV 1	 - Rango: 192"
"Hora: 10:5:21	 - Temperatura: 32	 - Índice UV 1	 - Rango: 188"
"Hora: 10:5:22	 - Temperatura: 32	 - Índice UV 1	 - Rango: 139"
"Hora: 10:5:23	 - Temperatura: 32	 - Índice UV 1	 - Rango: 165"
"Hora: 10:5:24	 - Temperatura: 32	 - Índice UV 1	 - Rango: 169"
"Hora: 10:5:25	 - Temperatura: 32	 - Índice UV 1	 - Rango: 165"
"Hora: 10:5:26	 - Temperatura: 32	 - Índice UV 1	 - Rango: 181"
"Hora: 10:5:27	 - Temperatura: 32	 - Índice UV 1	 - Rango: 174"
"Hora: 10:5:28	 - Temperatura: 32	 - Índice UV 1	 - Rango: 166"
"Hora: 10:5:29	 - Temperatura: 32	 - Índice UV 1	 - Rango: 174"
"Hora: 10:5:30	 - Temperatura: 32	 - Índice UV 1	 - Rango: 187"
"Hora: 10:5:31	 - Temperatura: 32	 - Índice UV 2	 - Rango: 216"
"Hora: 10:5:32	 - Temperatura: 32	 - Índice UV 1	 - Rango: 192"
"Hora: 10:5:33	 - Temperatura: 32	 - Índice UV 2	 - Rango: 227"
"Hora: 10:5:34	 - Temperatura: 32	 - Índice UV 0	 - Rango: 31"
"Hora: 10:5:35	 - Temperatura: 32	 - Índice UV 0	 - Rango: 58"
"Hora: 10:5:36	 - Temperatura: 32	 - Índice UV 2	 - Rango: 219"
"Hora: 10:5:37	 - Temperatura: 32	 - Índice UV 1	 - Rango: 201"
"Hora: 10:5:38	 - Temperatura: 32	 - Índice UV 2	 - Rango: 220"
"Hora: 10:5:39	 - Temperatura: 32	 - Índice UV 2	 - Rango: 219"
"Hora: 10:5:40	 - Temperatura: 32	 - Índice UV 2	 - Rango: 231"
"Hora: 10:5:41	 - Temperatura: 32	 - Índice UV 2	 - Rango: 221"
"Hora: 10:5:42	 - Temperatura: 32	 - Índice UV 2	 - Rango: 229"
"Hora: 10:5:43	 - Temperatura: 32	 - Índice UV 1	 - Rango: 198"
"Hora: 10:5:44	 - Temperatura: 32	 - Índice UV 1	 - Rango: 187"
"Hora: 10:5:45	 - Temperatura: 32	 - Índice UV 2	 - Rango: 214"
"Hora: 10:5:46	 - Temperatura: 32	 - Índice UV 1	 - Rango: 192"
"Hora: 10:5:47	 - Temperatura: 32	 - Índice UV 1	 - Rango: 149"
"Hora: 10:5:48	 - Temperatura: 32	 - Índice UV 1	 - Rango: 146"
"Hora: 10:5:50	 - Temperatura: 32	 - Índice UV 2	 - Rango: 222"
"Hora: 10:5:51	 - Temperatura: 32	 - Índice UV 2	 - Rango: 213"
"Hora: 10:5:52	 - Temperatura: 32	 - Índice UV 1	 - Rango: 174"
"Hora: 10:5:53	 - Temperatura: 32	 - Índice UV 1	 - Rango: 167"
"Hora: 10:5:54	 - Temperatura: 32	 - Índice UV 1	 - Rango: 174"
"Hora: 10:5:55	 - Temperatura: 32	 - Índice UV 2	 - Rango: 208"
"Hora: 10:5:56	 - Temperatura: 32	 - Índice UV 1	 - Rango: 174"
"Hora: 10:5:57	 - Temperatura: 32	 - Índice UV 2	 - Rango: 238"
"Hora: 10:5:58	 - Temperatura: 32	 - Índice UV 2	 - Rango: 250"
"Hora: 10:5:59	 - Temperatura: 32	 - Índice UV 2	 - Rango: 242"
"Hora: 10:6:0	 - Temperatura: 32	 - Índice UV 2	 - Rango: 242"
"Hora: 10:6:1	 - Temperatura: 32	 - Índice UV 2	 - Rango: 254"
"Hora: 10:6:2	 - Temperatura: 32	 - Índice UV 2	 - Rango: 263"
